isin,name,asset_type,asset_subtype,region_primary,risk_bucket,classification_confidence,exposure_confidence,warnings,audit_flags,is_suitable_low_risk,is_sector_fund,sector_focus,equity_style_box,market_cap_bias,fi_credit_bucket,fi_duration_bucket,legacy_asset_class,legacy_category,equity_exposure,bond_exposure,cash_exposure,other_exposure
BE0943877671,DPAM B - Bonds Eur Government B Cap,FIXED_INCOME,UNKNOWN,UNKNOWN,LOW,0.95,0.4,,UNKNOWN_SUBTYPE; MISSING_REGION_PRIMARY; FI_WITHOUT_DURATION; FI_WITHOUT_CREDIT,False,False,UNKNOWN,UNKNOWN,UNKNOWN,UNKNOWN,UNKNOWN,RF,RF Deuda Pública EUR,0.0,100.0,0.0,0.0
BE0947853660,DPAM B - Equities US Dividend Sustainable B EUR Cap,UNKNOWN,UNKNOWN,US,MEDIUM,0.95,0.4,,UNKNOWN_ASSET_TYPE,False,False,UNKNOWN,UNKNOWN,UNKNOWN,UNKNOWN,UNKNOWN,Otros,Morningstar US High Dividend Yield NR USD,0.0,0.0,0.0,0.0
BE6213829094,DPAM B - Real Estate Europe Dividend Sustainable B Cap,UNKNOWN,UNKNOWN,EUROPE,MEDIUM,0.95,0.4,,UNKNOWN_ASSET_TYPE,False,False,UNKNOWN,UNKNOWN,UNKNOWN,UNKNOWN,UNKNOWN,Otros,Inmobiliario - Indirecto Europa,0.0,0.0,0.0,0.0
ES0111166031,Atl Capital Corto Plazo A FI,FIXED_INCOME,UNKNOWN,UNKNOWN,LOW,0.95,0.4,,UNKNOWN_SUBTYPE; MISSING_REGION_PRIMARY; FI_WITHOUT_CREDIT,False,False,UNKNOWN,UNKNOWN,UNKNOWN,UNKNOWN,SHORT,RF,RF Ultra Corto Plazo EUR,0.0,100.0,0.0,0.0
ES0116419005,Cartera Renta Fija Horizonte 2026 FI,FIXED_INCOME,UNKNOWN,UNKNOWN,LOW,0.95,0.4,,UNKNOWN_SUBTYPE; MISSING_REGION_PRIMARY; FI_WITHOUT_DURATION; FI_WITHOUT_CREDIT,False,False,UNKNOWN,UNKNOWN,UNKNOWN,UNKNOWN,UNKNOWN,Otros,Fixed Term Bond,0.0,100.0,0.0,0.0
ES0124880032,UBS Renta Fija 0-5 B FI,FIXED_INCOME,UNKNOWN,UNKNOWN,LOW,0.95,0.4,,UNKNOWN_SUBTYPE; MISSING_REGION_PRIMARY; FI_WITHOUT_DURATION; FI_WITHOUT_CREDIT,False,False,UNKNOWN,UNKNOWN,UNKNOWN,UNKNOWN,UNKNOWN,RF,RF Diversificada Corto Plazo EUR,0.0,100.0,0.0,0.0
ES0125240038,Trea Renta Fija Ahorro S FI,FIXED_INCOME,UNKNOWN,UNKNOWN,LOW,0.95,0.4,,UNKNOWN_SUBTYPE; MISSING_REGION_PRIMARY; FI_WITHOUT_DURATION; FI_WITHOUT_CREDIT,False,False,UNKNOWN,UNKNOWN,UNKNOWN,UNKNOWN,UNKNOWN,RF,RF Diversificada Corto Plazo EUR,0.0,100.0,0.0,0.0
ES0126542036,Amundi Corto Plazo A FI,FIXED_INCOME,UNKNOWN,UNKNOWN,LOW,0.95,0.4,,UNKNOWN_SUBTYPE; MISSING_REGION_PRIMARY; FI_WITHOUT_CREDIT,False,False,UNKNOWN,UNKNOWN,UNKNOWN,UNKNOWN,SHORT,RF,RF Ultra Corto Plazo EUR,0.0,100.0,0.0,0.0
ES0126547035,UBS Duración 0-2 B FI,FIXED_INCOME,UNKNOWN,UNKNOWN,LOW,0.95,0.4,,UNKNOWN_SUBTYPE; MISSING_REGION_PRIMARY; FI_WITHOUT_DURATION; FI_WITHOUT_CREDIT,False,False,UNKNOWN,UNKNOWN,UNKNOWN,UNKNOWN,UNKNOWN,RF,RF Diversificada Corto Plazo EUR,0.0,100.0,0.0,0.0
ES0127097030,Dux Rentinver Renta Fija FI,FIXED_INCOME,UNKNOWN,UNKNOWN,LOW,0.95,0.4,,UNKNOWN_SUBTYPE; MISSING_REGION_PRIMARY; FI_WITHOUT_DURATION; FI_WITHOUT_CREDIT,False,False,UNKNOWN,UNKNOWN,UNKNOWN,UNKNOWN,UNKNOWN,RF,RF Diversificada EUR,0.0,100.0,0.0,0.0
ES0127795005,EDM Renta R FI,FIXED_INCOME,UNKNOWN,UNKNOWN,LOW,0.95,0.4,,UNKNOWN_SUBTYPE; MISSING_REGION_PRIMARY; FI_WITHOUT_CREDIT,False,False,UNKNOWN,UNKNOWN,UNKNOWN,UNKNOWN,SHORT,RF,RF Ultra Corto Plazo EUR,0.0,100.0,0.0,0.0
ES0133593030,"EUROBOLSA SELECCION SICAV, SA",UNKNOWN,UNKNOWN,UNKNOWN,MEDIUM,0.5,0.4,,UNKNOWN_ASSET_TYPE; MISSING_REGION_PRIMARY; LOW_CONFIDENCE,False,False,UNKNOWN,UNKNOWN,UNKNOWN,UNKNOWN,UNKNOWN,Otros,,0.0,0.0,0.0,0.0
ES0138922002,Gesconsult Horizonte 2025 FI,FIXED_INCOME,UNKNOWN,UNKNOWN,LOW,0.95,0.4,,UNKNOWN_SUBTYPE; MISSING_REGION_PRIMARY; FI_WITHOUT_DURATION; FI_WITHOUT_CREDIT,False,False,UNKNOWN,UNKNOWN,UNKNOWN,UNKNOWN,UNKNOWN,Otros,Fixed Term Bond,0.0,100.0,0.0,0.0
ES0138922036,Gesconsult Corto Plazo A FI,FIXED_INCOME,UNKNOWN,UNKNOWN,LOW,0.95,0.4,,UNKNOWN_SUBTYPE; MISSING_REGION_PRIMARY; FI_WITHOUT_CREDIT,False,False,UNKNOWN,UNKNOWN,UNKNOWN,UNKNOWN,SHORT,RF,RF Ultra Corto Plazo EUR,0.0,100.0,0.0,0.0
ES0140986011,Gesconsult Oportunidad Renta Fija A FI,UNKNOWN,UNKNOWN,UNKNOWN,MEDIUM,0.5,0.4,,UNKNOWN_ASSET_TYPE; MISSING_REGION_PRIMARY; LOW_CONFIDENCE,False,False,UNKNOWN,UNKNOWN,UNKNOWN,UNKNOWN,UNKNOWN,Otros,,0.0,0.0,0.0,0.0
ES0141580037,SIH Ahorro A FI,FIXED_INCOME,UNKNOWN,UNKNOWN,LOW,0.95,0.4,,UNKNOWN_SUBTYPE; MISSING_REGION_PRIMARY; FI_WITHOUT_DURATION; FI_WITHOUT_CREDIT,False,False,UNKNOWN,UNKNOWN,UNKNOWN,UNKNOWN,UNKNOWN,RF,RF Diversificada Corto Plazo EUR,0.0,100.0,0.0,0.0
ES0142167032,SIH Renta Fija A FI,FIXED_INCOME,UNKNOWN,UNKNOWN,LOW,0.95,0.4,,UNKNOWN_SUBTYPE; MISSING_REGION_PRIMARY; FI_WITHOUT_DURATION; FI_WITHOUT_CREDIT,False,False,UNKNOWN,UNKNOWN,UNKNOWN,UNKNOWN,UNKNOWN,RF,RF Diversificada EUR,0.0,100.0,0.0,0.0
ES0155598008,UBS Corto Plazo A FI,FIXED_INCOME,UNKNOWN,UNKNOWN,LOW,0.95,0.4,,UNKNOWN_SUBTYPE; MISSING_REGION_PRIMARY; FI_WITHOUT_CREDIT,False,False,UNKNOWN,UNKNOWN,UNKNOWN,UNKNOWN,SHORT,RF,RF Ultra Corto Plazo EUR,0.0,100.0,0.0,0.0
ES0155598032,UBS Corto Plazo B FI,FIXED_INCOME,UNKNOWN,UNKNOWN,LOW,0.95,0.4,,UNKNOWN_SUBTYPE; MISSING_REGION_PRIMARY; FI_WITHOUT_CREDIT,False,False,UNKNOWN,UNKNOWN,UNKNOWN,UNKNOWN,SHORT,RF,RF Ultra Corto Plazo EUR,0.0,100.0,0.0,0.0
ES0156873004,A&G Renta Fija Corto Plazo FI,FIXED_INCOME,UNKNOWN,UNKNOWN,LOW,0.95,0.4,,UNKNOWN_SUBTYPE; MISSING_REGION_PRIMARY; FI_WITHOUT_CREDIT,False,False,UNKNOWN,UNKNOWN,UNKNOWN,UNKNOWN,SHORT,RF,RF Ultra Corto Plazo EUR,0.0,100.0,0.0,0.0
ES0160873008,March Pagarés A FI,FIXED_INCOME,UNKNOWN,UNKNOWN,LOW,0.95,0.4,,UNKNOWN_SUBTYPE; MISSING_REGION_PRIMARY; FI_WITHOUT_CREDIT,False,False,UNKNOWN,UNKNOWN,UNKNOWN,UNKNOWN,SHORT,RF,RF Ultra Corto Plazo EUR,0.0,100.0,0.0,0.0
ES0161032034,March Renta Fija Corto Plazo A FI,FIXED_INCOME,UNKNOWN,UNKNOWN,LOW,0.95,0.4,,UNKNOWN_SUBTYPE; MISSING_REGION_PRIMARY,True,False,UNKNOWN,UNKNOWN,UNKNOWN,MEDIUM_QUALITY,SHORT,RF,RF Ultra Corto Plazo EUR,0.0,100.0,0.0,0.0
ES0162295002,Cartera Renta Fija Horizonte 2027 FI,FIXED_INCOME,UNKNOWN,UNKNOWN,LOW,0.95,0.4,,UNKNOWN_SUBTYPE; MISSING_REGION_PRIMARY; FI_WITHOUT_DURATION; FI_WITHOUT_CREDIT,False,False,UNKNOWN,UNKNOWN,UNKNOWN,UNKNOWN,UNKNOWN,Otros,Fixed Term Bond,0.0,100.0,0.0,0.0
ES0162296000,Cartera Renta Fija Horizonte 2028 FI,FIXED_INCOME,UNKNOWN,UNKNOWN,LOW,0.95,0.4,,UNKNOWN_SUBTYPE; MISSING_REGION_PRIMARY; FI_WITHOUT_DURATION; FI_WITHOUT_CREDIT,False,False,UNKNOWN,UNKNOWN,UNKNOWN,UNKNOWN,UNKNOWN,Otros,Fixed Term Bond,0.0,100.0,0.0,0.0
ES0162333035,Merchrenta FI,FIXED_INCOME,UNKNOWN,UNKNOWN,LOW,0.95,0.4,,UNKNOWN_SUBTYPE; MISSING_REGION_PRIMARY; FI_WITHOUT_DURATION; FI_WITHOUT_CREDIT,False,False,UNKNOWN,UNKNOWN,UNKNOWN,UNKNOWN,UNKNOWN,RF,RF Otros,0.0,100.0,0.0,0.0
ES0165142003,Mutuafondo Corto Plazo D FI,FIXED_INCOME,UNKNOWN,UNKNOWN,LOW,0.95,0.4,,UNKNOWN_SUBTYPE; MISSING_REGION_PRIMARY; FI_WITHOUT_CREDIT,False,False,UNKNOWN,UNKNOWN,UNKNOWN,UNKNOWN,SHORT,RF,RF Ultra Corto Plazo EUR,0.0,100.0,0.0,0.0
ES0165142037,Mutuafondo Corto Plazo A FI,FIXED_INCOME,UNKNOWN,UNKNOWN,LOW,0.95,0.4,,UNKNOWN_SUBTYPE; MISSING_REGION_PRIMARY; FI_WITHOUT_CREDIT,False,False,UNKNOWN,UNKNOWN,UNKNOWN,UNKNOWN,SHORT,RF,RF Ultra Corto Plazo EUR,0.0,100.0,0.0,0.0
ES0165237001,Mutuafondo D FI,FIXED_INCOME,UNKNOWN,UNKNOWN,LOW,0.95,0.4,,UNKNOWN_SUBTYPE; MISSING_REGION_PRIMARY; FI_WITHOUT_DURATION,True,False,UNKNOWN,UNKNOWN,UNKNOWN,HIGH_QUALITY,UNKNOWN,RF,RF Diversificada Corto Plazo EUR,0.0,100.0,0.0,0.0
ES0168662031,Trea Renta Fija FI,FIXED_INCOME,UNKNOWN,UNKNOWN,LOW,0.95,0.4,,UNKNOWN_SUBTYPE; MISSING_REGION_PRIMARY; FI_WITHOUT_DURATION; FI_WITHOUT_CREDIT,False,False,UNKNOWN,UNKNOWN,UNKNOWN,UNKNOWN,UNKNOWN,RF,RF Diversificada EUR,0.0,100.0,0.0,0.0
ES0168673038,EDM Ahorro R FI,FIXED_INCOME,UNKNOWN,UNKNOWN,LOW,0.95,0.4,,UNKNOWN_SUBTYPE; MISSING_REGION_PRIMARY,True,False,UNKNOWN,UNKNOWN,UNKNOWN,MEDIUM_QUALITY,MEDIUM,RF,RF Diversificada Corto Plazo EUR,0.0,100.0,0.0,0.0
ES0170138038,Santalucía Renta Fija B FI,FIXED_INCOME,UNKNOWN,UNKNOWN,LOW,0.95,0.4,,UNKNOWN_SUBTYPE; MISSING_REGION_PRIMARY,True,False,UNKNOWN,UNKNOWN,UNKNOWN,MEDIUM_QUALITY,MEDIUM,RF,RF Diversificada EUR,0.0,100.0,0.0,0.0
ES0170156030,Santalucía Renta Fija Corto Plazo Euro B FI,FIXED_INCOME,UNKNOWN,UNKNOWN,LOW,0.95,0.4,,UNKNOWN_SUBTYPE; MISSING_REGION_PRIMARY,True,False,UNKNOWN,UNKNOWN,UNKNOWN,MEDIUM_QUALITY,SHORT,RF,RF Ultra Corto Plazo EUR,0.0,100.0,0.0,0.0
ES0170865002,SIH Healthcare A FI,UNKNOWN,UNKNOWN,GLOBAL,MEDIUM,0.95,0.4,,UNKNOWN_ASSET_TYPE,False,False,UNKNOWN,UNKNOWN,UNKNOWN,UNKNOWN,UNKNOWN,Otros,Morningstar Global Healthcare,0.0,0.0,0.0,0.0
ES0175316019,Dunas Valor Flexible R FI,UNKNOWN,UNKNOWN,EUROPE,MEDIUM,0.95,0.4,,UNKNOWN_ASSET_TYPE,False,False,UNKNOWN,UNKNOWN,UNKNOWN,UNKNOWN,UNKNOWN,Otros,Alt - Multistrategy,0.0,0.0,0.0,0.0
ES0175414012,Dunas Valor Equilibrado R FI,UNKNOWN,UNKNOWN,EUROPE,MEDIUM,0.95,0.4,,UNKNOWN_ASSET_TYPE,False,False,UNKNOWN,UNKNOWN,UNKNOWN,UNKNOWN,UNKNOWN,Otros,Alt - Multistrategy,0.0,0.0,0.0,0.0
ES0175437005,Dunas Valor Prudente R FI,UNKNOWN,UNKNOWN,EUROPE,MEDIUM,0.95,0.4,,UNKNOWN_ASSET_TYPE,False,False,UNKNOWN,UNKNOWN,UNKNOWN,UNKNOWN,UNKNOWN,Otros,Alt - Multistrategy,0.0,0.0,0.0,0.0
ES0176954008,Renta 4 Renta Fija R FI,FIXED_INCOME,UNKNOWN,UNKNOWN,LOW,0.95,0.4,,UNKNOWN_SUBTYPE; MISSING_REGION_PRIMARY; FI_WITHOUT_DURATION; FI_WITHOUT_CREDIT,False,False,UNKNOWN,UNKNOWN,UNKNOWN,UNKNOWN,UNKNOWN,RF,RF Diversificada Corto Plazo EUR,0.0,100.0,0.0,0.0
ES0182631004,Polar Renta Fija A FI,FIXED_INCOME,UNKNOWN,UNKNOWN,LOW,0.95,0.4,,UNKNOWN_SUBTYPE; MISSING_REGION_PRIMARY; FI_WITHOUT_CREDIT,False,False,UNKNOWN,UNKNOWN,UNKNOWN,UNKNOWN,SHORT,RF,RF Diversificada EUR,0.0,100.0,0.0,0.0
ES0184949016,Sigma Investment House Megatrends B FI,UNKNOWN,UNKNOWN,GLOBAL,MEDIUM,0.95,0.4,,UNKNOWN_ASSET_TYPE,False,False,UNKNOWN,UNKNOWN,UNKNOWN,UNKNOWN,UNKNOWN,Otros,Morningstar Global Growth,0.0,0.0,0.0,0.0
FI0008801097,Evli Corporate Bond B,FIXED_INCOME,UNKNOWN,UNKNOWN,LOW,0.95,0.4,,UNKNOWN_SUBTYPE; MISSING_REGION_PRIMARY,True,False,UNKNOWN,UNKNOWN,UNKNOWN,MEDIUM_QUALITY,MEDIUM,RF,RF Deuda Corporativa EUR,0.0,100.0,0.0,0.0
FI0008803929,Evli European High Yield B,FIXED_INCOME,UNKNOWN,UNKNOWN,MEDIUM,0.95,0.4,,UNKNOWN_SUBTYPE; MISSING_REGION_PRIMARY,False,False,UNKNOWN,UNKNOWN,UNKNOWN,LOW_QUALITY,SHORT,RF,RF Bonos Alto Rendimiento EUR,0.0,100.0,0.0,0.0
FI0008804463,Evli Euro Liquidity B,FIXED_INCOME,UNKNOWN,UNKNOWN,LOW,0.95,0.4,,UNKNOWN_SUBTYPE; MISSING_REGION_PRIMARY; FI_WITHOUT_CREDIT,False,False,UNKNOWN,UNKNOWN,UNKNOWN,UNKNOWN,SHORT,RF,RF Ultra Corto Plazo EUR,0.0,100.0,0.0,0.0
FI0008811997,Evli Nordic Corporate Bond B,FIXED_INCOME,UNKNOWN,UNKNOWN,LOW,0.95,0.4,,UNKNOWN_SUBTYPE; MISSING_REGION_PRIMARY; FI_WITHOUT_CREDIT,False,False,UNKNOWN,UNKNOWN,UNKNOWN,UNKNOWN,SHORT,RF,RF Flexible EUR,0.0,100.0,0.0,0.0
FR0000989915,Oddo BHF Immobilier CR-EUR,REAL_ESTATE,UNKNOWN,EUROZONE,MEDIUM,0.95,0.4,,UNKNOWN_SUBTYPE,False,False,UNKNOWN,UNKNOWN,UNKNOWN,UNKNOWN,UNKNOWN,Otros,Property - Indirect Eurozone,0.0,0.0,0.0,0.0
FR0007008750,R-co Conviction Credit Euro C EUR,FIXED_INCOME,UNKNOWN,UNKNOWN,LOW,0.95,0.4,,UNKNOWN_SUBTYPE; MISSING_REGION_PRIMARY,True,False,UNKNOWN,UNKNOWN,UNKNOWN,MEDIUM_QUALITY,MEDIUM,RF,RF Deuda Corporativa EUR,0.0,100.0,0.0,0.0
FR0010149120,Carmignac Sécurité AW EUR Acc,FIXED_INCOME,UNKNOWN,UNKNOWN,LOW,0.95,0.4,,UNKNOWN_SUBTYPE; MISSING_REGION_PRIMARY,True,False,UNKNOWN,UNKNOWN,UNKNOWN,MEDIUM_QUALITY,SHORT,RF,RF Diversificada Corto Plazo EUR,0.0,100.0,0.0,0.0
FR0010172767,EdR SICAV - Euro Sustainable Credit A EUR,FIXED_INCOME,UNKNOWN,UNKNOWN,LOW,0.95,0.4,,UNKNOWN_SUBTYPE; MISSING_REGION_PRIMARY; FI_WITHOUT_DURATION; FI_WITHOUT_CREDIT,False,False,UNKNOWN,UNKNOWN,UNKNOWN,UNKNOWN,UNKNOWN,RF,RF Deuda Corporativa EUR,0.0,100.0,0.0,0.0
FR0010230490,Lazard Credit Opportunities RC EUR,FIXED_INCOME,UNKNOWN,UNKNOWN,LOW,0.95,0.4,,UNKNOWN_SUBTYPE; MISSING_REGION_PRIMARY; FI_WITHOUT_CREDIT,False,False,UNKNOWN,UNKNOWN,UNKNOWN,UNKNOWN,FLEXIBLE,RF,RF Flexible EUR,0.0,100.0,0.0,0.0
FR0010794792,Candriam Diversified Futures Classique,UNKNOWN,UNKNOWN,US,MEDIUM,0.95,0.4,,UNKNOWN_ASSET_TYPE,False,False,UNKNOWN,UNKNOWN,UNKNOWN,UNKNOWN,UNKNOWN,Otros,Alt - Systematic Futures,0.0,0.0,0.0,0.0
FR0010829697,Amundi Enhanced Ultra Short Term Bond Select P-C,FIXED_INCOME,UNKNOWN,UNKNOWN,LOW,0.95,0.4,,UNKNOWN_SUBTYPE; MISSING_REGION_PRIMARY; FI_WITHOUT_CREDIT,False,False,UNKNOWN,UNKNOWN,UNKNOWN,UNKNOWN,SHORT,RF,RF Ultra Corto Plazo EUR,0.0,100.0,0.0,0.0
FR0010839282,Echiquier Short Term Credit SRI A,FIXED_INCOME,UNKNOWN,UNKNOWN,LOW,0.95,0.4,,UNKNOWN_SUBTYPE; MISSING_REGION_PRIMARY; FI_WITHOUT_CREDIT,False,False,UNKNOWN,UNKNOWN,UNKNOWN,UNKNOWN,SHORT,RF,RF Ultra Corto Plazo EUR,0.0,100.0,0.0,0.0
FR0010950055,AXA IM Euro 6M E,FIXED_INCOME,UNKNOWN,UNKNOWN,LOW,0.95,0.4,,UNKNOWN_SUBTYPE; MISSING_REGION_PRIMARY; FI_WITHOUT_CREDIT,False,False,UNKNOWN,UNKNOWN,UNKNOWN,UNKNOWN,SHORT,RF,RF Ultra Corto Plazo EUR,0.0,100.0,0.0,0.0
FR0011170182,Ofi Invest Precious Metals R,UNKNOWN,UNKNOWN,UNKNOWN,MEDIUM,0.95,0.4,,UNKNOWN_ASSET_TYPE; MISSING_REGION_PRIMARY,False,False,UNKNOWN,UNKNOWN,UNKNOWN,UNKNOWN,UNKNOWN,Otros,Materias Primas - Metales Preciosos,0.0,0.0,0.0,0.0
FR0011288513,Sycomore Sélection Crédit R,FIXED_INCOME,UNKNOWN,UNKNOWN,MEDIUM,0.95,0.4,,UNKNOWN_SUBTYPE; MISSING_REGION_PRIMARY; FI_WITHOUT_DURATION,False,False,UNKNOWN,UNKNOWN,UNKNOWN,LOW_QUALITY,UNKNOWN,RF,RF Deuda Corporativa EUR,0.0,100.0,0.0,0.0
FR0011365212,Amundi Ultra Short Term Bond Responsible E C,FIXED_INCOME,UNKNOWN,UNKNOWN,LOW,0.95,0.4,,UNKNOWN_SUBTYPE; MISSING_REGION_PRIMARY,True,False,UNKNOWN,UNKNOWN,UNKNOWN,HIGH_QUALITY,SHORT,RF,RF Ultra Corto Plazo EUR,0.0,100.0,0.0,0.0
FR0011387299,Allianz Euro Oblig Court Terme ISR RC,FIXED_INCOME,UNKNOWN,UNKNOWN,LOW,0.95,0.4,,UNKNOWN_SUBTYPE; MISSING_REGION_PRIMARY,True,False,UNKNOWN,UNKNOWN,UNKNOWN,HIGH_QUALITY,SHORT,RF,RF Ultra Corto Plazo EUR,0.0,100.0,0.0,0.0
FR0013201001,EdR SICAV - Euro Sustainable Credit R EUR,FIXED_INCOME,UNKNOWN,UNKNOWN,LOW,0.95,0.4,,UNKNOWN_SUBTYPE; MISSING_REGION_PRIMARY; FI_WITHOUT_DURATION; FI_WITHOUT_CREDIT,False,False,UNKNOWN,UNKNOWN,UNKNOWN,UNKNOWN,UNKNOWN,RF,RF Deuda Corporativa EUR,0.0,100.0,0.0,0.0
FR0013231453,Ostrum Credit Ultra Short Plus I-C EUR,FIXED_INCOME,UNKNOWN,UNKNOWN,LOW,0.95,0.4,,UNKNOWN_SUBTYPE; MISSING_REGION_PRIMARY,True,False,UNKNOWN,UNKNOWN,UNKNOWN,MEDIUM_QUALITY,SHORT,RF,RF Ultra Corto Plazo EUR,0.0,100.0,0.0,0.0
FR0013346079,Groupama Ultra Short Term NC,FIXED_INCOME,UNKNOWN,UNKNOWN,LOW,0.95,0.4,,UNKNOWN_SUBTYPE; MISSING_REGION_PRIMARY; FI_WITHOUT_CREDIT,False,False,UNKNOWN,UNKNOWN,UNKNOWN,UNKNOWN,SHORT,RF,RF Ultra Corto Plazo EUR,0.0,100.0,0.0,0.0
FR0013460920,EdR SICAV - Short Duration Credit A EUR,FIXED_INCOME,UNKNOWN,UNKNOWN,LOW,0.95,0.4,,UNKNOWN_SUBTYPE; MISSING_REGION_PRIMARY; FI_WITHOUT_CREDIT,False,False,UNKNOWN,UNKNOWN,UNKNOWN,UNKNOWN,FLEXIBLE,RF,RF Flexible EUR,0.0,100.0,0.0,0.0
FR0013460961,EdR SICAV - Short Duration Credit B EUR,FIXED_INCOME,UNKNOWN,UNKNOWN,LOW,0.95,0.4,,UNKNOWN_SUBTYPE; MISSING_REGION_PRIMARY; FI_WITHOUT_CREDIT,False,False,UNKNOWN,UNKNOWN,UNKNOWN,UNKNOWN,FLEXIBLE,RF,RF Flexible EUR,0.0,100.0,0.0,0.0
FR0014008W22,EdR SICAV - Millesima World 2028 A EUR,FIXED_INCOME,UNKNOWN,UNKNOWN,LOW,0.95,0.4,,UNKNOWN_SUBTYPE; MISSING_REGION_PRIMARY; FI_WITHOUT_DURATION; FI_WITHOUT_CREDIT,False,False,UNKNOWN,UNKNOWN,UNKNOWN,UNKNOWN,UNKNOWN,Otros,Fixed Term Bond,0.0,100.0,0.0,0.0
FR001400JGB5,EdR SICAV Millesima Select 2028 A Eur,FIXED_INCOME,UNKNOWN,UNKNOWN,LOW,0.95,0.4,,UNKNOWN_SUBTYPE; MISSING_REGION_PRIMARY; FI_WITHOUT_DURATION; FI_WITHOUT_CREDIT,False,False,UNKNOWN,UNKNOWN,UNKNOWN,UNKNOWN,UNKNOWN,Otros,Fixed Term Bond,0.0,100.0,0.0,0.0
FR001400NTN5,Lazard High Yield 2029 EC EUR,FIXED_INCOME,UNKNOWN,UNKNOWN,LOW,0.95,0.4,,UNKNOWN_SUBTYPE; MISSING_REGION_PRIMARY; FI_WITHOUT_DURATION; FI_WITHOUT_CREDIT,False,False,UNKNOWN,UNKNOWN,UNKNOWN,UNKNOWN,UNKNOWN,Otros,Fixed Term Bond,0.0,100.0,0.0,0.0
FR0050000860,Amundi Ultra Short Term Bond Responsible P C,FIXED_INCOME,UNKNOWN,UNKNOWN,LOW,0.95,0.4,,UNKNOWN_SUBTYPE; MISSING_REGION_PRIMARY,True,False,UNKNOWN,UNKNOWN,UNKNOWN,HIGH_QUALITY,SHORT,RF,RF Ultra Corto Plazo EUR,0.0,100.0,0.0,0.0
IE0032722484,BNY Mellon Euroland Bond Fund EUR C Acc,FIXED_INCOME,UNKNOWN,UNKNOWN,LOW,0.95,0.4,,UNKNOWN_SUBTYPE; MISSING_REGION_PRIMARY,True,False,UNKNOWN,UNKNOWN,UNKNOWN,HIGH_QUALITY,MEDIUM,RF,RF Diversificada EUR,0.0,100.0,0.0,0.0
IE00B11XYW43,PIMCO GIS Emerging Markets Bond Fund E Class EUR (Hedged) Accumulation,FIXED_INCOME,UNKNOWN,GLOBAL,LOW,0.95,0.4,,UNKNOWN_SUBTYPE; FI_WITHOUT_CREDIT,False,False,UNKNOWN,UNKNOWN,UNKNOWN,UNKNOWN,MEDIUM,RF,RF Global Emergente - Sesgo EUR,0.0,100.0,0.0,0.0
IE00B11XZ103,PIMCO GIS Global Bond Fund E Class EUR (Hedged) Accumulation,FIXED_INCOME,UNKNOWN,GLOBAL,LOW,0.95,0.4,,UNKNOWN_SUBTYPE; FI_WITHOUT_CREDIT,False,False,UNKNOWN,UNKNOWN,UNKNOWN,UNKNOWN,MEDIUM,RF,RF Global - EUR Cubierto,0.0,100.0,0.0,0.0
IE00B11XZ871,PIMCO GIS US High Yield Bond Fund E Class Accumulation,FIXED_INCOME,UNKNOWN,UNKNOWN,MEDIUM,0.95,0.4,,UNKNOWN_SUBTYPE; MISSING_REGION_PRIMARY,False,False,UNKNOWN,UNKNOWN,UNKNOWN,LOW_QUALITY,SHORT,RF,RF Bonos Alto Rendimiento USD,0.0,100.0,0.0,0.0
IE00B11YFH93,BNY Mellon Emerging Markets Debt Local Currency Fund EUR A Acc,FIXED_INCOME,UNKNOWN,GLOBAL,LOW,0.95,0.4,,UNKNOWN_SUBTYPE; FI_WITHOUT_CREDIT,False,False,UNKNOWN,UNKNOWN,UNKNOWN,UNKNOWN,MEDIUM,RF,RF Global Emergente - Moneda Local,0.0,100.0,0.0,0.0
IE00B18GC888,Vanguard Global Bond Index Fund EUR Hedged Acc,FIXED_INCOME,UNKNOWN,GLOBAL,LOW,0.95,0.4,,UNKNOWN_SUBTYPE,True,False,UNKNOWN,UNKNOWN,UNKNOWN,HIGH_QUALITY,MEDIUM,RF,RF Global - EUR Cubierto,0.0,100.0,0.0,0.0
IE00B3RW6Z61,Nomura Funds Ireland plc - US High Yield Bond Fund Class A EUR,FIXED_INCOME,UNKNOWN,UNKNOWN,MEDIUM,0.95,0.4,,UNKNOWN_SUBTYPE; MISSING_REGION_PRIMARY,False,False,UNKNOWN,UNKNOWN,UNKNOWN,LOW_QUALITY,SHORT,RF,RF Bonos Alto Rendimiento USD,0.0,100.0,0.0,0.0
IE00B4XYLM55,Jupiter Emerging Market Debt Income Fund L EUR Acc,FIXED_INCOME,UNKNOWN,GLOBAL,LOW,0.95,0.4,,UNKNOWN_SUBTYPE; FI_WITHOUT_DURATION; FI_WITHOUT_CREDIT,False,False,UNKNOWN,UNKNOWN,UNKNOWN,UNKNOWN,UNKNOWN,RF,RF Deuda Corporativa Global Emergente,0.0,100.0,0.0,0.0
IE00B53H0P79,PIMCO GIS Global Advantage Fund E Class EUR (Partially Hedged) Accumulation,FIXED_INCOME,UNKNOWN,GLOBAL,LOW,0.95,0.4,,UNKNOWN_SUBTYPE,True,False,UNKNOWN,UNKNOWN,UNKNOWN,HIGH_QUALITY,MEDIUM,RF,RF Global,0.0,100.0,0.0,0.0
IE00B5ZW6Z28,PIMCO GIS Emerging Local Bond Fund E Class EUR (Unhedged) Accumulation,FIXED_INCOME,UNKNOWN,GLOBAL,LOW,0.95,0.4,,UNKNOWN_SUBTYPE,True,False,UNKNOWN,UNKNOWN,UNKNOWN,MEDIUM_QUALITY,MEDIUM,RF,RF Global Emergente - Moneda Local,0.0,100.0,0.0,0.0
IE00B84J9L26,PIMCO GIS Income Fund E Class EUR (Hedged) Accumulation,FIXED_INCOME,UNKNOWN,GLOBAL,LOW,0.95,0.4,,UNKNOWN_SUBTYPE,True,False,UNKNOWN,UNKNOWN,UNKNOWN,HIGH_QUALITY,MEDIUM,Otros,Global Flexible Bond - EUR Hedged,0.0,100.0,0.0,0.0
IE00B8J38129,Algebris UCITS Funds plc - Algebris Financial Credit Fund R EUR Acc,UNKNOWN,UNKNOWN,UNKNOWN,MEDIUM,0.5,0.4,,UNKNOWN_ASSET_TYPE; MISSING_REGION_PRIMARY; LOW_CONFIDENCE,False,False,UNKNOWN,UNKNOWN,UNKNOWN,UNKNOWN,UNKNOWN,Otros,,0.0,0.0,0.0,0.0
IE00B90VC092,PIMCO European Short-Term Opportunities Fund E EUR Accumulation,FIXED_INCOME,UNKNOWN,UNKNOWN,LOW,0.95,0.4,,UNKNOWN_SUBTYPE; MISSING_REGION_PRIMARY,True,False,UNKNOWN,UNKNOWN,UNKNOWN,HIGH_QUALITY,SHORT,RF,RF Diversificada Corto Plazo EUR,0.0,100.0,0.0,0.0
IE00B986FT65,Neuberger Berman Emerging Market Debt - Hard Currency Fund EUR A Accumulating Class,FIXED_INCOME,UNKNOWN,GLOBAL,MEDIUM,0.95,0.4,,UNKNOWN_SUBTYPE,False,False,UNKNOWN,UNKNOWN,UNKNOWN,LOW_QUALITY,LONG,RF,RF Global Emergente - Sesgo EUR,0.0,100.0,0.0,0.0
IE00BD2ZKT29,Principal Global Investors Funds - Finisterre Unconstrained Emerging Market Fxd Inc Fd A Hdg Acc EUR,FIXED_INCOME,UNKNOWN,GLOBAL,MEDIUM,0.95,0.4,,UNKNOWN_SUBTYPE,False,False,UNKNOWN,UNKNOWN,UNKNOWN,LOW_QUALITY,MEDIUM,RF,RF Global Emergente - Sesgo EUR,0.0,100.0,0.0,0.0
IE00BDH6RQ67,UTI India Dynamic Equity EURO Retail,UNKNOWN,UNKNOWN,EMERGING,MEDIUM,0.95,0.4,,UNKNOWN_ASSET_TYPE,False,False,UNKNOWN,UNKNOWN,UNKNOWN,UNKNOWN,UNKNOWN,Otros,Morningstar India Target Market Exposure NR USD,0.0,0.0,0.0,0.0
IE00BDZRWZ54,Neuberger Berman Short Duration Emerging Market Debt Fund EUR A Accumulating Class,FIXED_INCOME,UNKNOWN,GLOBAL,MEDIUM,0.95,0.4,,UNKNOWN_SUBTYPE,False,False,UNKNOWN,UNKNOWN,UNKNOWN,LOW_QUALITY,SHORT,RF,RF Global Emergente - Sesgo EUR,0.0,100.0,0.0,0.0
IE00BF2FJG67,PIMCO GIS Low Duration Opportunities Fund E Class EUR (Hedged) Accumulation,FIXED_INCOME,UNKNOWN,GLOBAL,LOW,0.95,0.4,,UNKNOWN_SUBTYPE,True,False,UNKNOWN,UNKNOWN,UNKNOWN,HIGH_QUALITY,SHORT,RF,RF Global - EUR Cubierto,0.0,100.0,0.0,0.0
IE00BJ7B9456,PIMCO GIS Global Low Duration Real Return Fund E Class EUR (Hedged) Accumulation,UNKNOWN,UNKNOWN,GLOBAL,MEDIUM,0.95,0.4,,UNKNOWN_ASSET_TYPE,False,False,UNKNOWN,UNKNOWN,UNKNOWN,UNKNOWN,UNKNOWN,Otros,Morningstar Global Treasury Inflation-Linked Securities GR Hedged EUR,0.0,0.0,0.0,0.0
IE00BNG2T811,Neuberger Berman Short Duration Euro Bond Fund EUR A Accumulating Class,FIXED_INCOME,UNKNOWN,UNKNOWN,LOW,0.95,0.4,,UNKNOWN_SUBTYPE; MISSING_REGION_PRIMARY,True,False,UNKNOWN,UNKNOWN,UNKNOWN,HIGH_QUALITY,SHORT,RF,RF Diversificada Corto Plazo EUR,0.0,100.0,0.0,0.0
IE00BYX5P602,Fidelity MSCI World Index Fund EUR P Acc (Hedged),UNKNOWN,UNKNOWN,US,MEDIUM,0.95,0.4,,UNKNOWN_ASSET_TYPE,False,False,UNKNOWN,UNKNOWN,UNKNOWN,UNKNOWN,UNKNOWN,Otros,-,0.0,0.0,0.0,0.0
LU0034353002,DWS Floating Rate Notes LC,FIXED_INCOME,UNKNOWN,UNKNOWN,LOW,0.95,0.4,,UNKNOWN_SUBTYPE; MISSING_REGION_PRIMARY,True,False,UNKNOWN,UNKNOWN,UNKNOWN,HIGH_QUALITY,SHORT,RF,RF Ultra Corto Plazo EUR,0.0,100.0,0.0,0.0
LU0073235904,Morgan Stanley Investment Funds - Short Maturity Euro Bond Fund A,FIXED_INCOME,UNKNOWN,UNKNOWN,LOW,0.95,0.4,,UNKNOWN_SUBTYPE; MISSING_REGION_PRIMARY,True,False,UNKNOWN,UNKNOWN,UNKNOWN,HIGH_QUALITY,SHORT,RF,RF Diversificada Corto Plazo EUR,0.0,100.0,0.0,0.0
LU0077500055,Candriam Bonds Euro Long Term Class C EUR Cap,FIXED_INCOME,UNKNOWN,UNKNOWN,LOW,0.95,0.4,,UNKNOWN_SUBTYPE; MISSING_REGION_PRIMARY,True,False,UNKNOWN,UNKNOWN,UNKNOWN,HIGH_QUALITY,LONG,RF,RF Largo Plazo EUR,0.0,100.0,0.0,0.0
LU0080237943,DWS Euro Ultra Short Fixed Income Fund NC,FIXED_INCOME,UNKNOWN,UNKNOWN,LOW,0.95,0.4,,UNKNOWN_SUBTYPE; MISSING_REGION_PRIMARY; FI_WITHOUT_CREDIT,False,False,UNKNOWN,UNKNOWN,UNKNOWN,UNKNOWN,SHORT,RF,RF Ultra Corto Plazo EUR,0.0,100.0,0.0,0.0
LU0086177085,UBS (Lux) Bond Fund - Euro High Yield (EUR) P-acc,FIXED_INCOME,UNKNOWN,UNKNOWN,MEDIUM,0.95,0.4,,UNKNOWN_SUBTYPE; MISSING_REGION_PRIMARY; FI_WITHOUT_DURATION,False,False,UNKNOWN,UNKNOWN,UNKNOWN,LOW_QUALITY,UNKNOWN,RF,RF Bonos Alto Rendimiento EUR,0.0,100.0,0.0,0.0
LU0102737730,Invesco Funds - Invesco Euro Ultra-Short Term Debt Fund A Accumulation EUR,FIXED_INCOME,UNKNOWN,UNKNOWN,LOW,0.95,0.4,,UNKNOWN_SUBTYPE; MISSING_REGION_PRIMARY; FI_WITHOUT_CREDIT,False,False,UNKNOWN,UNKNOWN,UNKNOWN,UNKNOWN,SHORT,RF,RF Ultra Corto Plazo EUR,0.0,100.0,0.0,0.0
LU0102737904,Invesco Funds - Invesco Euro Ultra-Short Term Debt Fund C Accumulation EUR,FIXED_INCOME,UNKNOWN,UNKNOWN,LOW,0.95,0.4,,UNKNOWN_SUBTYPE; MISSING_REGION_PRIMARY; FI_WITHOUT_CREDIT,False,False,UNKNOWN,UNKNOWN,UNKNOWN,UNKNOWN,SHORT,RF,RF Ultra Corto Plazo EUR,0.0,100.0,0.0,0.0
LU0113257694,Schroder International Selection Fund EURO Corporate Bond A Accumulation EUR,FIXED_INCOME,UNKNOWN,UNKNOWN,LOW,0.95,0.4,,UNKNOWN_SUBTYPE; MISSING_REGION_PRIMARY,True,False,UNKNOWN,UNKNOWN,UNKNOWN,MEDIUM_QUALITY,MEDIUM,RF,RF Deuda Corporativa EUR,0.0,100.0,0.0,0.0
LU0132601682,Morgan Stanley Investment Funds - Euro Corporate Bond Fund A,FIXED_INCOME,UNKNOWN,UNKNOWN,LOW,0.95,0.4,,UNKNOWN_SUBTYPE; MISSING_REGION_PRIMARY,True,False,UNKNOWN,UNKNOWN,UNKNOWN,MEDIUM_QUALITY,MEDIUM,RF,RF Deuda Corporativa EUR,0.0,100.0,0.0,0.0
LU0133717503,Schroder International Selection Fund EURO Corporate Bond A1 Accumulation EUR,FIXED_INCOME,UNKNOWN,UNKNOWN,LOW,0.95,0.4,,UNKNOWN_SUBTYPE; MISSING_REGION_PRIMARY,True,False,UNKNOWN,UNKNOWN,UNKNOWN,MEDIUM_QUALITY,MEDIUM,RF,RF Deuda Corporativa EUR,0.0,100.0,0.0,0.0
LU0137009238,Vontobel Fund - Euro Short Term Bond C EUR Cap,FIXED_INCOME,UNKNOWN,UNKNOWN,LOW,0.95,0.4,,UNKNOWN_SUBTYPE; MISSING_REGION_PRIMARY,True,False,UNKNOWN,UNKNOWN,UNKNOWN,MEDIUM_QUALITY,SHORT,RF,RF Diversificada Corto Plazo EUR,0.0,100.0,0.0,0.0
LU0144751095,Candriam Bonds Euro High Yield Class N EUR Cap,FIXED_INCOME,UNKNOWN,UNKNOWN,MEDIUM,0.95,0.4,,UNKNOWN_SUBTYPE; MISSING_REGION_PRIMARY,False,False,UNKNOWN,UNKNOWN,UNKNOWN,LOW_QUALITY,SHORT,RF,RF Bonos Alto Rendimiento EUR,0.0,100.0,0.0,0.0
LU0145656715,DWS Invest ESG Euro Bonds (Short) NC,FIXED_INCOME,UNKNOWN,UNKNOWN,LOW,0.95,0.4,,UNKNOWN_SUBTYPE; MISSING_REGION_PRIMARY; FI_WITHOUT_DURATION; FI_WITHOUT_CREDIT,False,False,UNKNOWN,UNKNOWN,UNKNOWN,UNKNOWN,UNKNOWN,RF,RF Diversificada Corto Plazo EUR,0.0,100.0,0.0,0.0
LU0151324935,Candriam Bonds Credit Opportunities Class N EUR Cap,FIXED_INCOME,UNKNOWN,GLOBAL,MEDIUM,0.95,0.4,,UNKNOWN_SUBTYPE,False,False,UNKNOWN,UNKNOWN,UNKNOWN,LOW_QUALITY,SHORT,Otros,Global Flexible Bond - EUR Hedged,0.0,100.0,0.0,0.0
LU0162660350,BlackRock Global Funds - Euro Corporate Bond Fund A1,FIXED_INCOME,UNKNOWN,UNKNOWN,LOW,0.95,0.4,,UNKNOWN_SUBTYPE; MISSING_REGION_PRIMARY,True,False,UNKNOWN,UNKNOWN,UNKNOWN,MEDIUM_QUALITY,MEDIUM,RF,RF Deuda Corporativa EUR,0.0,100.0,0.0,0.0
LU0165520114,Candriam Bonds Global Inflation Short Duration Class C EUR Cap,UNKNOWN,UNKNOWN,GLOBAL,MEDIUM,0.95,0.4,,UNKNOWN_ASSET_TYPE,False,False,UNKNOWN,UNKNOWN,UNKNOWN,UNKNOWN,UNKNOWN,Otros,Morningstar Global Treasury Inflation-Linked Securities GR Hedged EUR,0.0,0.0,0.0,0.0
LU0169250635,Generali Investments SICAV - Euro Bond Fund EX,FIXED_INCOME,UNKNOWN,UNKNOWN,LOW,0.95,0.4,,UNKNOWN_SUBTYPE; MISSING_REGION_PRIMARY,True,False,UNKNOWN,UNKNOWN,UNKNOWN,MEDIUM_QUALITY,MEDIUM,RF,RF Deuda Pública EUR,0.0,100.0,0.0,0.0
LU0170473374,Franklin European Total Return Fund A(acc)EUR,FIXED_INCOME,UNKNOWN,UNKNOWN,LOW,0.95,0.4,,UNKNOWN_SUBTYPE; MISSING_REGION_PRIMARY,True,False,UNKNOWN,UNKNOWN,UNKNOWN,HIGH_QUALITY,MEDIUM,RF,RF Diversificada EUR,0.0,100.0,0.0,0.0
LU0173779223,Nordea 1 - Danish Covered Bond Fund BP EUR,FIXED_INCOME,UNKNOWN,UNKNOWN,LOW,0.95,0.4,,UNKNOWN_SUBTYPE; MISSING_REGION_PRIMARY,True,False,UNKNOWN,UNKNOWN,UNKNOWN,HIGH_QUALITY,MEDIUM,RF,RF DKK,0.0,100.0,0.0,0.0
LU0177497491,abrdn SICAV II-Euro Corporate Bond Fund A Acc EUR,FIXED_INCOME,UNKNOWN,UNKNOWN,LOW,0.95,0.4,,UNKNOWN_SUBTYPE; MISSING_REGION_PRIMARY,True,False,UNKNOWN,UNKNOWN,UNKNOWN,MEDIUM_QUALITY,MEDIUM,RF,RF Deuda Corporativa EUR,0.0,100.0,0.0,0.0
LU0200684180,BlackRock Global Funds - Emerging Markets Bond Fund E2 (EUR),FIXED_INCOME,UNKNOWN,GLOBAL,MEDIUM,0.95,0.4,,UNKNOWN_SUBTYPE,False,False,UNKNOWN,UNKNOWN,UNKNOWN,LOW_QUALITY,MEDIUM,RF,RF Global Emergente,0.0,100.0,0.0,0.0
LU0243958393,Invesco Funds - Invesco Euro Corporate Bond Fund E Accumulation EUR,FIXED_INCOME,UNKNOWN,UNKNOWN,LOW,0.95,0.4,,UNKNOWN_SUBTYPE; MISSING_REGION_PRIMARY,True,False,UNKNOWN,UNKNOWN,UNKNOWN,MEDIUM_QUALITY,MEDIUM,RF,RF Deuda Corporativa EUR,0.0,100.0,0.0,0.0
LU0251119078,Fidelity Funds - Fidelity Target™ 2035 Fund A-Acc-EUR,UNKNOWN,UNKNOWN,US,MEDIUM,0.95,0.4,,UNKNOWN_ASSET_TYPE,False,False,UNKNOWN,UNKNOWN,UNKNOWN,UNKNOWN,UNKNOWN,Otros,Fecha Objetivo 2031-2035,0.0,0.0,0.0,0.0
LU0251131362,Fidelity Funds - Fidelity Target™ 2030 Fund A-Acc-EUR,UNKNOWN,UNKNOWN,US,MEDIUM,0.95,0.4,,UNKNOWN_ASSET_TYPE,False,False,UNKNOWN,UNKNOWN,UNKNOWN,UNKNOWN,UNKNOWN,Otros,Fecha Objetivo 2026-2030,0.0,0.0,0.0,0.0
LU0251660279,AXA World Funds - Euro Strategic Bonds E Capitalisation EUR,FIXED_INCOME,UNKNOWN,UNKNOWN,LOW,0.95,0.4,,UNKNOWN_SUBTYPE; MISSING_REGION_PRIMARY,True,False,UNKNOWN,UNKNOWN,UNKNOWN,MEDIUM_QUALITY,MEDIUM,RF,RF Diversificada EUR,0.0,100.0,0.0,0.0
LU0251661590,AXA World Funds - Euro Long Duration Bonds E Capitalisation EUR,FIXED_INCOME,UNKNOWN,UNKNOWN,LOW,0.95,0.4,,UNKNOWN_SUBTYPE; MISSING_REGION_PRIMARY,True,False,UNKNOWN,UNKNOWN,UNKNOWN,HIGH_QUALITY,LONG,RF,RF Largo Plazo EUR,0.0,100.0,0.0,0.0
LU0264738294,Janus Henderson Horizon Global Property Equities Fund A2 EUR,UNKNOWN,UNKNOWN,GLOBAL,MEDIUM,0.95,0.4,,UNKNOWN_ASSET_TYPE,False,False,UNKNOWN,UNKNOWN,UNKNOWN,UNKNOWN,UNKNOWN,Otros,Inmobiliario - Indirecto Global,0.0,0.0,0.0,0.0
LU0267388220,Fidelity Funds - Euro Short Term Bond Fund A-Acc-EUR,FIXED_INCOME,UNKNOWN,UNKNOWN,LOW,0.95,0.4,,UNKNOWN_SUBTYPE; MISSING_REGION_PRIMARY; FI_WITHOUT_CREDIT,False,False,UNKNOWN,UNKNOWN,UNKNOWN,UNKNOWN,SHORT,RF,RF Diversificada Corto Plazo EUR,0.0,100.0,0.0,0.0
LU0336084032,Carmignac Pf Flexible Bond A EUR Acc,FIXED_INCOME,UNKNOWN,UNKNOWN,MEDIUM,0.95,0.4,,UNKNOWN_SUBTYPE; MISSING_REGION_PRIMARY,False,False,UNKNOWN,UNKNOWN,UNKNOWN,LOW_QUALITY,SHORT,RF,RF Flexible EUR,0.0,100.0,0.0,0.0
LU0353649352,Fidelity Funds - Global Inflation-linked Bond Fund E-Acc-EUR (hedged),UNKNOWN,UNKNOWN,GLOBAL,MEDIUM,0.95,0.4,,UNKNOWN_ASSET_TYPE,False,False,UNKNOWN,UNKNOWN,UNKNOWN,UNKNOWN,UNKNOWN,Otros,Morningstar Global Treasury Inflation-Linked Securities GR Hedged EUR,0.0,0.0,0.0,0.0
LU0398684661,Goldman Sachs Alternative Beta - P Cap EUR (hedged i),UNKNOWN,UNKNOWN,US,MEDIUM,0.95,0.4,,UNKNOWN_ASSET_TYPE,False,False,UNKNOWN,UNKNOWN,UNKNOWN,UNKNOWN,UNKNOWN,Otros,Alt - Multistrategy,0.0,0.0,0.0,0.0
LU0413376566,BlackRock Global Funds - Emerging Markets Bond Fund A2 Hedged,FIXED_INCOME,UNKNOWN,GLOBAL,MEDIUM,0.95,0.4,,UNKNOWN_SUBTYPE,False,False,UNKNOWN,UNKNOWN,UNKNOWN,LOW_QUALITY,MEDIUM,RF,RF Global Emergente - Sesgo EUR,0.0,100.0,0.0,0.0
LU0425308169,BlackRock Global Funds - Global Inflation Linked Bond Fund A2 EUR Hedged,UNKNOWN,UNKNOWN,GLOBAL,MEDIUM,0.95,0.4,,UNKNOWN_ASSET_TYPE,False,False,UNKNOWN,UNKNOWN,UNKNOWN,UNKNOWN,UNKNOWN,Otros,Morningstar Global Treasury Inflation-Linked Securities GR Hedged EUR,0.0,0.0,0.0,0.0
LU0430492750,JPMorgan Funds - Euro Aggregate Bond Fund C (acc) - EUR,FIXED_INCOME,UNKNOWN,UNKNOWN,LOW,0.95,0.4,,UNKNOWN_SUBTYPE; MISSING_REGION_PRIMARY,True,False,UNKNOWN,UNKNOWN,UNKNOWN,MEDIUM_QUALITY,MEDIUM,RF,RF Diversificada EUR,0.0,100.0,0.0,0.0
LU0438336694,BlackRock ESG Fixed Income Strategies Fund E2 EUR,FIXED_INCOME,UNKNOWN,GLOBAL,LOW,0.95,0.4,,UNKNOWN_SUBTYPE; FI_WITHOUT_CREDIT,False,False,UNKNOWN,UNKNOWN,UNKNOWN,UNKNOWN,SHORT,Otros,Global Flexible Bond - EUR Hedged,0.0,100.0,0.0,0.0
LU0447425785,SIH FCP - Short Term EUR A Classic,FIXED_INCOME,UNKNOWN,UNKNOWN,LOW,0.95,0.4,,UNKNOWN_SUBTYPE; MISSING_REGION_PRIMARY; FI_WITHOUT_CREDIT,False,False,UNKNOWN,UNKNOWN,UNKNOWN,UNKNOWN,SHORT,RF,RF Ultra Corto Plazo EUR,0.0,100.0,0.0,0.0
LU0455556406,UBS (Lux) Bond SICAV - Global Inflation-linked (USD) (EUR hedged) P-acc,UNKNOWN,UNKNOWN,GLOBAL,MEDIUM,0.95,0.4,,UNKNOWN_ASSET_TYPE,False,False,UNKNOWN,UNKNOWN,UNKNOWN,UNKNOWN,UNKNOWN,Otros,Morningstar Global Treasury Inflation-Linked Securities GR Hedged EUR,0.0,0.0,0.0,0.0
LU0501220429,Global Evolution Funds Frontier Markets R EUR,FIXED_INCOME,UNKNOWN,GLOBAL,LOW,0.95,0.4,,UNKNOWN_SUBTYPE; FI_WITHOUT_DURATION; FI_WITHOUT_CREDIT,False,False,UNKNOWN,UNKNOWN,UNKNOWN,UNKNOWN,UNKNOWN,RF,RF Global Emergente - Sesgo EUR,0.0,100.0,0.0,0.0
LU0546917344,Goldman Sachs Euro Long Duration Bond - P Cap EUR,UNKNOWN,UNKNOWN,UNKNOWN,MEDIUM,0.95,0.4,,UNKNOWN_ASSET_TYPE; MISSING_REGION_PRIMARY,False,False,UNKNOWN,UNKNOWN,UNKNOWN,UNKNOWN,UNKNOWN,Otros,RF Largo Plazo EUR,0.0,0.0,0.0,0.0
LU0571101558,Groupama Euro High Yield NC,FIXED_INCOME,UNKNOWN,UNKNOWN,MEDIUM,0.95,0.4,,UNKNOWN_SUBTYPE; MISSING_REGION_PRIMARY; FI_WITHOUT_DURATION,False,False,UNKNOWN,UNKNOWN,UNKNOWN,LOW_QUALITY,UNKNOWN,RF,RF Bonos Alto Rendimiento EUR,0.0,100.0,0.0,0.0
LU0594539719,Candriam Bonds Emerging Markets Class C EUR Hedged Cap,FIXED_INCOME,UNKNOWN,GLOBAL,MEDIUM,0.95,0.4,,UNKNOWN_SUBTYPE,False,False,UNKNOWN,UNKNOWN,UNKNOWN,LOW_QUALITY,LONG,RF,RF Global Emergente - Sesgo EUR,0.0,100.0,0.0,0.0
LU0607983896,Nordea 1 - Alpha 15 MA Fund BP EUR,UNKNOWN,UNKNOWN,US,MEDIUM,0.95,0.4,,UNKNOWN_ASSET_TYPE,False,False,UNKNOWN,UNKNOWN,UNKNOWN,UNKNOWN,UNKNOWN,Otros,Alt - Multistrategy,0.0,0.0,0.0,0.0
LU0616839501,DWS Invest Euro High Yield Corporates LC,FIXED_INCOME,UNKNOWN,UNKNOWN,LOW,0.95,0.4,,UNKNOWN_SUBTYPE; MISSING_REGION_PRIMARY; FI_WITHOUT_DURATION; FI_WITHOUT_CREDIT,False,False,UNKNOWN,UNKNOWN,UNKNOWN,UNKNOWN,UNKNOWN,RF,RF Bonos Alto Rendimiento EUR,0.0,100.0,0.0,0.0
LU0637302547,Nordea 1 - Emerging Market Corporate Bond Fund BP EUR,FIXED_INCOME,UNKNOWN,GLOBAL,MEDIUM,0.95,0.4,,UNKNOWN_SUBTYPE,False,False,UNKNOWN,UNKNOWN,UNKNOWN,LOW_QUALITY,MEDIUM,RF,RF Deuda Corporativa Global Emergente,0.0,100.0,0.0,0.0
LU0658026512,AXA IM Fixed Income Investment Strategies - Europe Short Duration High Yield E,FIXED_INCOME,UNKNOWN,UNKNOWN,MEDIUM,0.95,0.4,,UNKNOWN_SUBTYPE; MISSING_REGION_PRIMARY,False,False,UNKNOWN,UNKNOWN,UNKNOWN,LOW_QUALITY,SHORT,RF,RF Bonos Alto Rendimiento EUR,0.0,100.0,0.0,0.0
LU0706127809,UBS (Lux) Bond SICAV - Global Short Term Flexible (USD) (EUR hedged) P-acc,FIXED_INCOME,UNKNOWN,GLOBAL,LOW,0.95,0.4,,UNKNOWN_SUBTYPE; FI_WITHOUT_DURATION; FI_WITHOUT_CREDIT,False,False,UNKNOWN,UNKNOWN,UNKNOWN,UNKNOWN,UNKNOWN,RF,RF Global - EUR Cubierto,0.0,100.0,0.0,0.0
LU0712123511,Morgan Stanley Investment Funds - Global Fixed Income Opportunities Fund AH,FIXED_INCOME,UNKNOWN,GLOBAL,LOW,0.95,0.4,,UNKNOWN_SUBTYPE; FI_WITHOUT_CREDIT,False,False,UNKNOWN,UNKNOWN,UNKNOWN,UNKNOWN,MEDIUM,Otros,Global Flexible Bond - EUR Hedged,0.0,100.0,0.0,0.0
LU0733673288,Nordea 1 - European Cross Credit Fund BP EUR,FIXED_INCOME,UNKNOWN,UNKNOWN,MEDIUM,0.95,0.4,,UNKNOWN_SUBTYPE; MISSING_REGION_PRIMARY,False,False,UNKNOWN,UNKNOWN,UNKNOWN,LOW_QUALITY,SHORT,RF,RF Flexible EUR,0.0,100.0,0.0,0.0
LU0795636256,Schroder International Selection Fund Emerging Markets Hard Currency A Accumulation EUR Hedged,FIXED_INCOME,UNKNOWN,GLOBAL,MEDIUM,0.95,0.4,,UNKNOWN_SUBTYPE,False,False,UNKNOWN,UNKNOWN,UNKNOWN,LOW_QUALITY,LONG,RF,RF Global Emergente - Sesgo EUR,0.0,100.0,0.0,0.0
LU0849399786,Schroder International Selection Fund EURO High Yield A Accumulation,FIXED_INCOME,UNKNOWN,UNKNOWN,MEDIUM,0.95,0.4,,UNKNOWN_SUBTYPE; MISSING_REGION_PRIMARY,False,False,UNKNOWN,UNKNOWN,UNKNOWN,LOW_QUALITY,SHORT,RF,RF Bonos Alto Rendimiento EUR,0.0,100.0,0.0,0.0
LU0910636546,Goldman Sachs Emerging Markets Debt Blend Portfolio Other Currency Acc EUR,UNKNOWN,UNKNOWN,GLOBAL,MEDIUM,0.95,0.4,,UNKNOWN_ASSET_TYPE,False,False,UNKNOWN,UNKNOWN,UNKNOWN,UNKNOWN,UNKNOWN,Otros,RF Global Emergente - Sesgo EUR,0.0,0.0,0.0,0.0
LU0910636892,Goldman Sachs Emerging Markets Debt Blend Portfolio E Acc EUR,UNKNOWN,UNKNOWN,GLOBAL,MEDIUM,0.95,0.4,,UNKNOWN_ASSET_TYPE,False,False,UNKNOWN,UNKNOWN,UNKNOWN,UNKNOWN,UNKNOWN,Otros,RF Global Emergente - Sesgo EUR,0.0,0.0,0.0,0.0
LU0926439992,Vontobel Fund - Emerging Markets Debt H (hedged) EUR Cap,FIXED_INCOME,UNKNOWN,GLOBAL,MEDIUM,0.95,0.4,,UNKNOWN_SUBTYPE,False,False,UNKNOWN,UNKNOWN,UNKNOWN,LOW_QUALITY,MEDIUM,RF,RF Global Emergente - Sesgo EUR,0.0,100.0,0.0,0.0
LU0935222900,Natixis AM Funds - Ostrum Euro Inflation R/A (EUR),FIXED_INCOME,UNKNOWN,UNKNOWN,LOW,0.95,0.4,,UNKNOWN_SUBTYPE; MISSING_REGION_PRIMARY; FI_WITHOUT_DURATION,True,False,UNKNOWN,UNKNOWN,UNKNOWN,HIGH_QUALITY,UNKNOWN,RF,RF Bonos Ligados Inflación EUR,0.0,100.0,0.0,0.0
LU0995119665,Schroder International Selection Fund EURO Credit Conviction A Accumulation EUR,FIXED_INCOME,UNKNOWN,UNKNOWN,LOW,0.95,0.4,,UNKNOWN_SUBTYPE; MISSING_REGION_PRIMARY,True,False,UNKNOWN,UNKNOWN,UNKNOWN,MEDIUM_QUALITY,MEDIUM,RF,RF Deuda Corporativa EUR,0.0,100.0,0.0,0.0
LU0995119749,Schroder International Selection Fund EURO Credit Conviction B Accumulation EUR,FIXED_INCOME,UNKNOWN,UNKNOWN,LOW,0.95,0.4,,UNKNOWN_SUBTYPE; MISSING_REGION_PRIMARY,True,False,UNKNOWN,UNKNOWN,UNKNOWN,MEDIUM_QUALITY,MEDIUM,RF,RF Deuda Corporativa EUR,0.0,100.0,0.0,0.0
LU1021288268,AB - Mortgage Income Portfolio A2 EUR Acc,FIXED_INCOME,UNKNOWN,UNKNOWN,LOW,0.95,0.4,,UNKNOWN_SUBTYPE; MISSING_REGION_PRIMARY; FI_WITHOUT_CREDIT,False,False,UNKNOWN,UNKNOWN,UNKNOWN,UNKNOWN,SHORT,RF,RF Flexible USD,0.0,100.0,0.0,0.0
LU1022658667,Franklin Euro Short Duration Bond Fund A(acc)EUR,FIXED_INCOME,UNKNOWN,UNKNOWN,LOW,0.95,0.4,,UNKNOWN_SUBTYPE; MISSING_REGION_PRIMARY,True,False,UNKNOWN,UNKNOWN,UNKNOWN,HIGH_QUALITY,SHORT,RF,RF Diversificada Corto Plazo EUR,0.0,100.0,0.0,0.0
LU1061675168,Goldman Sachs Frontier Markets Debt (Hard Currency) - X Cap EUR (hedged i),UNKNOWN,UNKNOWN,GLOBAL,MEDIUM,0.95,0.4,,UNKNOWN_ASSET_TYPE,False,False,UNKNOWN,UNKNOWN,UNKNOWN,UNKNOWN,UNKNOWN,Otros,RF Global Emergente - Sesgo EUR,0.0,0.0,0.0,0.0
LU1079477284,Allianz Emerging Markets Short Duration Bond AT (H2-EUR),FIXED_INCOME,UNKNOWN,GLOBAL,MEDIUM,0.95,0.4,,UNKNOWN_SUBTYPE,False,False,UNKNOWN,UNKNOWN,UNKNOWN,LOW_QUALITY,SHORT,RF,RF Global Emergente - Sesgo EUR,0.0,100.0,0.0,0.0
LU1080015693,Edmond de Rothschild Fund - Emerging Credit A EUR Hedged,FIXED_INCOME,UNKNOWN,GLOBAL,LOW,0.95,0.4,,UNKNOWN_SUBTYPE; FI_WITHOUT_DURATION; FI_WITHOUT_CREDIT,False,False,UNKNOWN,UNKNOWN,UNKNOWN,UNKNOWN,UNKNOWN,RF,RF Deuda Corporativa Global Emergente - Sesgo EUR,0.0,100.0,0.0,0.0
LU1089088741,Allianz Global Investors Fund - Allianz Floating Rate Notes Plus VarioZins AT EUR,FIXED_INCOME,UNKNOWN,UNKNOWN,LOW,0.95,0.4,,UNKNOWN_SUBTYPE; MISSING_REGION_PRIMARY,True,False,UNKNOWN,UNKNOWN,UNKNOWN,HIGH_QUALITY,SHORT,RF,RF Ultra Corto Plazo EUR,0.0,100.0,0.0,0.0
LU1103307408,Goldman Sachs Absolute Return Tracker Portfolio Other Currency Acc EUR-Hedged,UNKNOWN,UNKNOWN,UNKNOWN,MEDIUM,0.95,0.4,,UNKNOWN_ASSET_TYPE; MISSING_REGION_PRIMARY,False,False,UNKNOWN,UNKNOWN,UNKNOWN,UNKNOWN,UNKNOWN,Otros,Alt - Multistrategy,0.0,0.0,0.0,0.0
LU1161086159,Amundi Funds - Emerging Markets Blended Bond A EUR (C),FIXED_INCOME,UNKNOWN,GLOBAL,LOW,0.95,0.4,,UNKNOWN_SUBTYPE; FI_WITHOUT_DURATION; FI_WITHOUT_CREDIT,False,False,UNKNOWN,UNKNOWN,UNKNOWN,UNKNOWN,UNKNOWN,RF,RF Global Emergente - Sesgo EUR,0.0,100.0,0.0,0.0
LU1161526576,Edmond de Rothschild Fund - Bond Allocation R EUR Acc,FIXED_INCOME,UNKNOWN,UNKNOWN,LOW,0.95,0.4,,UNKNOWN_SUBTYPE; MISSING_REGION_PRIMARY; FI_WITHOUT_CREDIT,False,False,UNKNOWN,UNKNOWN,UNKNOWN,UNKNOWN,FLEXIBLE,RF,RF Flexible EUR,0.0,100.0,0.0,0.0
LU1164219682,AXA World Funds - Euro Credit Total Return A Capitalisation EUR,FIXED_INCOME,UNKNOWN,UNKNOWN,LOW,0.95,0.4,,UNKNOWN_SUBTYPE; MISSING_REGION_PRIMARY,True,False,UNKNOWN,UNKNOWN,UNKNOWN,MEDIUM_QUALITY,MEDIUM,RF,RF Flexible EUR,0.0,100.0,0.0,0.0
LU1164220854,AXA World Funds - Euro Credit Total Return E Capitalisation EUR,FIXED_INCOME,UNKNOWN,UNKNOWN,LOW,0.95,0.4,,UNKNOWN_SUBTYPE; MISSING_REGION_PRIMARY,True,False,UNKNOWN,UNKNOWN,UNKNOWN,MEDIUM_QUALITY,MEDIUM,RF,RF Flexible EUR,0.0,100.0,0.0,0.0
LU1165644672,IVO Funds - IVO Emerging Markets Corporate Debt EUR R Acc,FIXED_INCOME,UNKNOWN,GLOBAL,LOW,0.95,0.4,,UNKNOWN_SUBTYPE; FI_WITHOUT_DURATION; FI_WITHOUT_CREDIT,False,False,UNKNOWN,UNKNOWN,UNKNOWN,UNKNOWN,UNKNOWN,RF,RF Deuda Corporativa Global Emergente - Sesgo EUR,0.0,100.0,0.0,0.0
LU1191877379,BlackRock Global Funds - European High Yield Bond Fund A2,FIXED_INCOME,UNKNOWN,UNKNOWN,MEDIUM,0.95,0.4,,UNKNOWN_SUBTYPE; MISSING_REGION_PRIMARY,False,False,UNKNOWN,UNKNOWN,UNKNOWN,LOW_QUALITY,SHORT,RF,RF Bonos Alto Rendimiento EUR,0.0,100.0,0.0,0.0
LU1254412460,abrdn SICAV I - Indian Bond Fund A Acc EUR,FIXED_INCOME,UNKNOWN,UNKNOWN,LOW,0.95,0.4,,UNKNOWN_SUBTYPE; MISSING_REGION_PRIMARY,True,False,UNKNOWN,UNKNOWN,UNKNOWN,MEDIUM_QUALITY,LONG,RF,RF Otros,0.0,100.0,0.0,0.0
LU1299306321,Carmignac Portfolio Sécurité AW EUR Acc,FIXED_INCOME,UNKNOWN,UNKNOWN,LOW,0.95,0.4,,UNKNOWN_SUBTYPE; MISSING_REGION_PRIMARY,True,False,UNKNOWN,UNKNOWN,UNKNOWN,MEDIUM_QUALITY,SHORT,RF,RF Diversificada Corto Plazo EUR,0.0,100.0,0.0,0.0
LU1340702932,MFS Meridian Funds - Global Opportunistic Bond Fund A1 EUR,FIXED_INCOME,UNKNOWN,GLOBAL,LOW,0.95,0.4,,UNKNOWN_SUBTYPE; FI_WITHOUT_CREDIT,False,False,UNKNOWN,UNKNOWN,UNKNOWN,UNKNOWN,MEDIUM,Otros,Global Flexible Bond - USD Hedged,0.0,100.0,0.0,0.0
LU1353951376,AXA World Funds - Global Inflation Short Duration Bonds E Capitalisation EUR (Hedged),UNKNOWN,UNKNOWN,UNKNOWN,MEDIUM,0.95,0.4,,UNKNOWN_ASSET_TYPE; MISSING_REGION_PRIMARY,False,False,UNKNOWN,UNKNOWN,UNKNOWN,UNKNOWN,UNKNOWN,Otros,QQQQ,0.0,0.0,0.0,0.0
LU1362999481,Robeco High Yield Bonds D €,FIXED_INCOME,UNKNOWN,GLOBAL,MEDIUM,0.95,0.4,,UNKNOWN_SUBTYPE,False,False,UNKNOWN,UNKNOWN,UNKNOWN,LOW_QUALITY,SHORT,RF,RF Bonos Alto Rendimiento Global,0.0,100.0,0.0,0.0
LU1373035234,BlackRock Strategic Funds - BSF Systematic Style Factor Fund E2 EUR Hedged,UNKNOWN,UNKNOWN,UNKNOWN,MEDIUM,0.95,0.4,,UNKNOWN_ASSET_TYPE; MISSING_REGION_PRIMARY,False,False,UNKNOWN,UNKNOWN,UNKNOWN,UNKNOWN,UNKNOWN,Otros,Alt - Multistrategy,0.0,0.0,0.0,0.0
LU1383852487,Allianz Global Investors Fund - Allianz Floating Rate Notes Plus VarioZins AT2 EUR,FIXED_INCOME,UNKNOWN,UNKNOWN,LOW,0.95,0.4,,UNKNOWN_SUBTYPE; MISSING_REGION_PRIMARY,True,False,UNKNOWN,UNKNOWN,UNKNOWN,HIGH_QUALITY,SHORT,RF,RF Ultra Corto Plazo EUR,0.0,100.0,0.0,0.0
LU1481583711,Flossbach von Storch - Bond Opportunities RT,FIXED_INCOME,UNKNOWN,GLOBAL,LOW,0.95,0.4,,UNKNOWN_SUBTYPE,True,False,UNKNOWN,UNKNOWN,UNKNOWN,HIGH_QUALITY,LONG,Otros,Global Flexible Bond - EUR Hedged,0.0,100.0,0.0,0.0
LU1486845537,ODDO BHF Euro Credit Short Duration CR-EUR,FIXED_INCOME,UNKNOWN,UNKNOWN,MEDIUM,0.95,0.4,,UNKNOWN_SUBTYPE; MISSING_REGION_PRIMARY; FI_WITHOUT_DURATION,False,False,UNKNOWN,UNKNOWN,UNKNOWN,LOW_QUALITY,UNKNOWN,RF,RF Bonos Alto Rendimiento EUR,0.0,100.0,0.0,0.0
LU1499628912,Amundi S.F. - Diversified Short-Term Bond Select E EUR ND,FIXED_INCOME,UNKNOWN,UNKNOWN,LOW,0.95,0.4,,UNKNOWN_SUBTYPE; MISSING_REGION_PRIMARY; FI_WITHOUT_DURATION; FI_WITHOUT_CREDIT,False,False,UNKNOWN,UNKNOWN,UNKNOWN,UNKNOWN,UNKNOWN,RF,RF Diversificada Corto Plazo EUR,0.0,100.0,0.0,0.0
LU1529955046,Eurizon Fund - Bond Aggregate RMB Class R EUR Acc,UNKNOWN,UNKNOWN,UNKNOWN,MEDIUM,0.95,0.4,,UNKNOWN_ASSET_TYPE; MISSING_REGION_PRIMARY,False,False,UNKNOWN,UNKNOWN,UNKNOWN,UNKNOWN,UNKNOWN,Otros,QQQ,0.0,0.0,0.0,0.0
LU1582984149,M&G (Lux) European Inflation Linked Corporate Bond Fund EUR A Acc,FIXED_INCOME,UNKNOWN,UNKNOWN,LOW,0.95,0.4,,UNKNOWN_SUBTYPE; MISSING_REGION_PRIMARY,True,False,UNKNOWN,UNKNOWN,UNKNOWN,HIGH_QUALITY,SHORT,RF,RF Bonos Ligados Inflación EUR,0.0,100.0,0.0,0.0
LU1623762843,Carmignac Pf Credit A EUR Acc,FIXED_INCOME,UNKNOWN,UNKNOWN,MEDIUM,0.95,0.4,,UNKNOWN_SUBTYPE; MISSING_REGION_PRIMARY,False,False,UNKNOWN,UNKNOWN,UNKNOWN,LOW_QUALITY,MEDIUM,RF,RF Flexible EUR,0.0,100.0,0.0,0.0
LU1670631016,M&G (Lux) Emerging Markets Bond Fund EUR A Acc,FIXED_INCOME,UNKNOWN,GLOBAL,MEDIUM,0.95,0.4,,UNKNOWN_SUBTYPE,False,False,UNKNOWN,UNKNOWN,UNKNOWN,LOW_QUALITY,MEDIUM,RF,RF Global Emergente,0.0,100.0,0.0,0.0
LU1670631289,M&G (Lux) Emerging Markets Bond Fund EUR A-H Acc,FIXED_INCOME,UNKNOWN,GLOBAL,MEDIUM,0.95,0.4,,UNKNOWN_SUBTYPE,False,False,UNKNOWN,UNKNOWN,UNKNOWN,LOW_QUALITY,MEDIUM,RF,RF Global Emergente - Sesgo EUR,0.0,100.0,0.0,0.0
LU1694789451,DNCA Invest Alpha Bonds A EUR,FIXED_INCOME,UNKNOWN,GLOBAL,LOW,0.95,0.4,,UNKNOWN_SUBTYPE,True,False,UNKNOWN,UNKNOWN,UNKNOWN,HIGH_QUALITY,MEDIUM,Otros,Global Flexible Bond,0.0,100.0,0.0,0.0
LU1697013008,SIH FCP - Flexible Fixed Income USD,FIXED_INCOME,UNKNOWN,UNKNOWN,LOW,0.95,0.4,,UNKNOWN_SUBTYPE; MISSING_REGION_PRIMARY; FI_WITHOUT_CREDIT,False,False,UNKNOWN,UNKNOWN,UNKNOWN,UNKNOWN,FLEXIBLE,RF,RF Flexible USD,0.0,100.0,0.0,0.0
LU1706854152,Amundi S.F. - Diversified Short-Term Bond Select A EUR ND,FIXED_INCOME,UNKNOWN,UNKNOWN,LOW,0.95,0.4,,UNKNOWN_SUBTYPE; MISSING_REGION_PRIMARY; FI_WITHOUT_DURATION; FI_WITHOUT_CREDIT,False,False,UNKNOWN,UNKNOWN,UNKNOWN,UNKNOWN,UNKNOWN,RF,RF Diversificada Corto Plazo EUR,0.0,100.0,0.0,0.0
LU1717592262,Groupama Global Inflation Short Duration NC,UNKNOWN,UNKNOWN,GLOBAL,MEDIUM,0.95,0.4,,UNKNOWN_ASSET_TYPE,False,False,UNKNOWN,UNKNOWN,UNKNOWN,UNKNOWN,UNKNOWN,Otros,Morningstar Global Treasury Inflation-Linked Securities GR Hedged EUR,0.0,0.0,0.0,0.0
LU1838941372,Candriam Bonds Floating Rate Notes C EUR Cap,FIXED_INCOME,UNKNOWN,UNKNOWN,LOW,0.95,0.4,,UNKNOWN_SUBTYPE; MISSING_REGION_PRIMARY,True,False,UNKNOWN,UNKNOWN,UNKNOWN,HIGH_QUALITY,SHORT,RF,RF Ultra Corto Plazo EUR,0.0,100.0,0.0,0.0
LU1882457143,Amundi Funds - Emerging Markets Corporate High Yield Bond A EUR (C),FIXED_INCOME,UNKNOWN,GLOBAL,LOW,0.95,0.4,,UNKNOWN_SUBTYPE; FI_WITHOUT_DURATION; FI_WITHOUT_CREDIT,False,False,UNKNOWN,UNKNOWN,UNKNOWN,UNKNOWN,UNKNOWN,RF,RF Deuda Corporativa Global Emergente,0.0,100.0,0.0,0.0
LU1882457739,Amundi Funds - Emerging Markets Corporate High Yield Bond C EUR (C),FIXED_INCOME,UNKNOWN,GLOBAL,LOW,0.95,0.4,,UNKNOWN_SUBTYPE; FI_WITHOUT_DURATION; FI_WITHOUT_CREDIT,False,False,UNKNOWN,UNKNOWN,UNKNOWN,UNKNOWN,UNKNOWN,RF,RF Deuda Corporativa Global Emergente,0.0,100.0,0.0,0.0
LU1882462655,Amundi Funds - Emerging Markets Short Term Bond A2 EUR (C),FIXED_INCOME,UNKNOWN,GLOBAL,LOW,0.95,0.4,,UNKNOWN_SUBTYPE; FI_WITHOUT_DURATION; FI_WITHOUT_CREDIT,False,False,UNKNOWN,UNKNOWN,UNKNOWN,UNKNOWN,UNKNOWN,RF,RF Global Emergente,0.0,100.0,0.0,0.0
LU1882462739,Amundi Funds - Emerging Markets Short Term Bond A2 EUR Hgd (C),FIXED_INCOME,UNKNOWN,GLOBAL,LOW,0.95,0.4,,UNKNOWN_SUBTYPE; FI_WITHOUT_DURATION; FI_WITHOUT_CREDIT,False,False,UNKNOWN,UNKNOWN,UNKNOWN,UNKNOWN,UNKNOWN,RF,RF Global Emergente - Sesgo EUR,0.0,100.0,0.0,0.0
LU1883334275,Amundi Funds - Global Subordinated Bond A EUR (C),UNKNOWN,UNKNOWN,UNKNOWN,MEDIUM,0.5,0.4,,UNKNOWN_ASSET_TYPE; MISSING_REGION_PRIMARY; LOW_CONFIDENCE,False,False,UNKNOWN,UNKNOWN,UNKNOWN,UNKNOWN,UNKNOWN,Otros,,0.0,0.0,0.0,0.0
LU1902444584,CPR Invest - Climate Bonds Euro - A EUR - Acc,FIXED_INCOME,UNKNOWN,UNKNOWN,LOW,0.95,0.4,,UNKNOWN_SUBTYPE; MISSING_REGION_PRIMARY; FI_WITHOUT_DURATION; FI_WITHOUT_CREDIT,False,False,UNKNOWN,UNKNOWN,UNKNOWN,UNKNOWN,UNKNOWN,RF,RF Deuda Corporativa EUR,0.0,100.0,0.0,0.0
LU1915690918,Nordea 1 - Active Rates Opportunities Fund Fund E EUR,FIXED_INCOME,UNKNOWN,UNKNOWN,LOW,0.95,0.4,,UNKNOWN_SUBTYPE; MISSING_REGION_PRIMARY,True,False,UNKNOWN,UNKNOWN,UNKNOWN,MEDIUM_QUALITY,SHORT,RF,RF Diversificada EUR,0.0,100.0,0.0,0.0
LU1951921383,Allianz Global Investors Fund - Allianz Credit Opportunities AT EUR,FIXED_INCOME,UNKNOWN,UNKNOWN,MEDIUM,0.95,0.4,,UNKNOWN_SUBTYPE; MISSING_REGION_PRIMARY,False,False,UNKNOWN,UNKNOWN,UNKNOWN,LOW_QUALITY,SHORT,RF,RF Flexible EUR,0.0,100.0,0.0,0.0
LU1965927921,DWS Invest ESG Floating Rate Notes LC,FIXED_INCOME,UNKNOWN,UNKNOWN,LOW,0.95,0.4,,UNKNOWN_SUBTYPE; MISSING_REGION_PRIMARY; FI_WITHOUT_CREDIT,False,False,UNKNOWN,UNKNOWN,UNKNOWN,UNKNOWN,SHORT,RF,RF Ultra Corto Plazo EUR,0.0,100.0,0.0,0.0
LU1982200609,DWS Invest Corporate Green Bonds LC,FIXED_INCOME,UNKNOWN,UNKNOWN,LOW,0.95,0.4,,UNKNOWN_SUBTYPE; MISSING_REGION_PRIMARY; FI_WITHOUT_DURATION; FI_WITHOUT_CREDIT,False,False,UNKNOWN,UNKNOWN,UNKNOWN,UNKNOWN,UNKNOWN,RF,RF Deuda Corporativa EUR,0.0,100.0,0.0,0.0
LU2002383896,Allianz Global Investors Fund - Allianz Credit Opportunities Plus AT EUR,FIXED_INCOME,UNKNOWN,UNKNOWN,MEDIUM,0.95,0.4,,UNKNOWN_SUBTYPE; MISSING_REGION_PRIMARY,False,False,UNKNOWN,UNKNOWN,UNKNOWN,LOW_QUALITY,SHORT,RF,RF Flexible EUR,0.0,100.0,0.0,0.0
LU2098772366,Candriam Bonds Credit Alpha C EUR,FIXED_INCOME,UNKNOWN,UNKNOWN,LOW,0.95,0.4,,UNKNOWN_SUBTYPE; MISSING_REGION_PRIMARY; FI_WITHOUT_CREDIT,False,False,UNKNOWN,UNKNOWN,UNKNOWN,UNKNOWN,SHORT,RF,RF Otros,0.0,100.0,0.0,0.0
LU2222028099,Merchbanc FCP Renta Fija Flex A,FIXED_INCOME,UNKNOWN,UNKNOWN,LOW,0.95,0.4,,UNKNOWN_SUBTYPE; MISSING_REGION_PRIMARY; FI_WITHOUT_CREDIT,False,False,UNKNOWN,UNKNOWN,UNKNOWN,UNKNOWN,FLEXIBLE,RF,RF Flexible EUR,0.0,100.0,0.0,0.0
LU2267099674,BlackRock Global Funds - China Bond Fund Class A2 USD (EUR),FIXED_INCOME,UNKNOWN,UNKNOWN,LOW,0.95,0.4,,UNKNOWN_SUBTYPE; MISSING_REGION_PRIMARY; FI_WITHOUT_CREDIT,False,False,UNKNOWN,UNKNOWN,UNKNOWN,UNKNOWN,MEDIUM,Otros,RMB Bond,0.0,100.0,0.0,0.0
LU2278574558,Buy & Hold Luxembourg B&H Equity Class 2,UNKNOWN,UNKNOWN,GLOBAL,MEDIUM,0.95,0.4,,UNKNOWN_ASSET_TYPE,False,False,UNKNOWN,UNKNOWN,UNKNOWN,UNKNOWN,UNKNOWN,Otros,Morningstar Global Growth,0.0,0.0,0.0,0.0
LU2278574988,Buy & Hold Luxembourg B&H Bond Class 2,FIXED_INCOME,UNKNOWN,UNKNOWN,LOW,0.95,0.4,,UNKNOWN_SUBTYPE; MISSING_REGION_PRIMARY; FI_WITHOUT_CREDIT,False,False,UNKNOWN,UNKNOWN,UNKNOWN,UNKNOWN,FLEXIBLE,RF,RF Flexible EUR,0.0,100.0,0.0,0.0
LU2482630162,M&G European Credit Investment Fund Class P EUR Acc,FIXED_INCOME,UNKNOWN,UNKNOWN,LOW,0.95,0.4,,UNKNOWN_SUBTYPE; MISSING_REGION_PRIMARY,True,False,UNKNOWN,UNKNOWN,UNKNOWN,HIGH_QUALITY,MEDIUM,RF,RF Deuda Corporativa EUR,0.0,100.0,0.0,0.0
LU2697545163,BlackRock Global Funds - Euro High Yield Fixed Maturity Bond Fund 2027 Class A2,FIXED_INCOME,UNKNOWN,UNKNOWN,MEDIUM,0.95,0.4,,UNKNOWN_SUBTYPE; MISSING_REGION_PRIMARY,False,False,UNKNOWN,UNKNOWN,UNKNOWN,LOW_QUALITY,SHORT,Otros,Fixed Term Bond,0.0,100.0,0.0,0.0
LU2697545247,BGF Euro Investment Grade Fixed Maturity Bond Fund 2028 A2,FIXED_INCOME,UNKNOWN,UNKNOWN,LOW,0.95,0.4,,UNKNOWN_SUBTYPE; MISSING_REGION_PRIMARY,True,False,UNKNOWN,UNKNOWN,UNKNOWN,MEDIUM_QUALITY,SHORT,Otros,Fixed Term Bond,0.0,100.0,0.0,0.0
