isin,name,review_group,review_priority,asset_type,asset_subtype,region_primary,equity_style_box,market_cap_bias,fi_credit_bucket,fi_duration_bucket,risk_bucket,is_suitable_low_risk,classification_confidence,exposure_confidence,warnings,audit_flags,legacy_asset_class,legacy_category,equity_exposure,bond_exposure,cash_exposure,other_exposure
ES0162333035,Merchrenta FI,ALL_CONFLICTS,85,FIXED_INCOME,UNKNOWN,UNKNOWN,UNKNOWN,UNKNOWN,UNKNOWN,UNKNOWN,LOW,False,0.797,0.45,FI_UNKNOWN_SUBTYPE | FI_UNKNOWN_CREDIT_BUCKET | FI_UNKNOWN_DURATION_BUCKET,EXCESSIVE_WARNINGS | FI_WITHOUT_CREDIT | FI_WITHOUT_DURATION | MISSING_REGION_PRIMARY | UNKNOWN_SUBTYPE,RF,RF Otros,0.0,100.0,0.0,0.0
ES0133593030,"EUROBOLSA SELECCION SICAV, SA",ALL_CONFLICTS,80,UNKNOWN,UNKNOWN,UNKNOWN,UNKNOWN,UNKNOWN,UNKNOWN,UNKNOWN,MEDIUM,False,0.45,0.45,,LOW_CONFIDENCE | MISSING_REGION_PRIMARY | NO_METRICS_AND_NO_EXPOSURE | UNKNOWN_ASSET_TYPE | UNKNOWN_SUBTYPE,Otros,,0.0,0.0,0.0,0.0
LU0251131362,Fidelity Funds - Fidelity Target™ 2030 Fund A-Acc-EUR,ALL_CONFLICTS,75,UNKNOWN,UNKNOWN,US,UNKNOWN,UNKNOWN,UNKNOWN,UNKNOWN,MEDIUM,False,0.432,0.45,REGION_PRIMARY_BORDERLINE,LOW_CONFIDENCE | NO_METRICS_AND_NO_EXPOSURE | UNKNOWN_ASSET_TYPE | UNKNOWN_SUBTYPE,Otros,Fecha Objetivo 2026-2030,0.0,0.0,0.0,0.0
IE00BYX5P602,Fidelity MSCI World Index Fund EUR P Acc (Hedged),ALL_CONFLICTS,70,UNKNOWN,UNKNOWN,GLOBAL,UNKNOWN,UNKNOWN,UNKNOWN,UNKNOWN,MEDIUM,False,0.48,0.45,,LOW_CONFIDENCE | NO_METRICS_AND_NO_EXPOSURE | UNKNOWN_ASSET_TYPE | UNKNOWN_SUBTYPE,Otros,-,0.0,0.0,0.0,0.0
LU0251119078,Fidelity Funds - Fidelity Target™ 2035 Fund A-Acc-EUR,ALL_CONFLICTS,70,UNKNOWN,UNKNOWN,US,UNKNOWN,UNKNOWN,UNKNOWN,UNKNOWN,MEDIUM,False,0.46,0.45,,LOW_CONFIDENCE | NO_METRICS_AND_NO_EXPOSURE | UNKNOWN_ASSET_TYPE | UNKNOWN_SUBTYPE,Otros,Fecha Objetivo 2031-2035,0.0,0.0,0.0,0.0
LU1254412460,abrdn SICAV I - Indian Bond Fund A Acc EUR,ALL_CONFLICTS,65,FIXED_INCOME,UNKNOWN,EMERGING,UNKNOWN,UNKNOWN,MEDIUM_QUALITY,LONG,LOW,True,0.9124,0.45,FI_UNKNOWN_SUBTYPE,EMERGING_LOW_RISK_CONFLICT | UNKNOWN_SUBTYPE,RF,RF Otros,0.0,100.0,0.0,0.0
ES0140986011,Gesconsult Oportunidad Renta Fija A FI,ALL_CONFLICTS,60,FIXED_INCOME,CORPORATE_BOND,UNKNOWN,UNKNOWN,UNKNOWN,UNKNOWN,UNKNOWN,LOW,False,0.8963,0.45,FI_UNKNOWN_CREDIT_BUCKET | FI_UNKNOWN_DURATION_BUCKET,FI_WITHOUT_CREDIT | FI_WITHOUT_DURATION | MISSING_REGION_PRIMARY,Otros,,0.0,100.0,0.0,0.0
IE00BMW2TK08,Lazard Global Convertibles Recovery Fund BP Acc EUR Hedged,ALL_CONFLICTS,50,FIXED_INCOME,CONVERTIBLE_BOND,GLOBAL,UNKNOWN,UNKNOWN,UNKNOWN,UNKNOWN,MEDIUM,False,0.924,0.45,FI_UNKNOWN_CREDIT_BUCKET | FI_UNKNOWN_DURATION_BUCKET,FI_WITHOUT_CREDIT | FI_WITHOUT_DURATION,RF,RF Convertibles Global - EUR Cubierto,0.0,100.0,0.0,0.0
LU0203937692,UBS (Lux) Bond SICAV - Convert Global (EUR) P-acc,ALL_CONFLICTS,50,FIXED_INCOME,CONVERTIBLE_BOND,GLOBAL,UNKNOWN,UNKNOWN,UNKNOWN,UNKNOWN,MEDIUM,False,0.924,0.45,FI_UNKNOWN_CREDIT_BUCKET | FI_UNKNOWN_DURATION_BUCKET,FI_WITHOUT_CREDIT | FI_WITHOUT_DURATION,RF,RF Convertibles Global - EUR,0.0,100.0,0.0,0.0
LU0501220429,Global Evolution Funds Frontier Markets R EUR,ALL_CONFLICTS,50,FIXED_INCOME,EMERGING_MARKETS_BOND,GLOBAL,UNKNOWN,UNKNOWN,UNKNOWN,UNKNOWN,MEDIUM,False,0.924,0.45,FI_UNKNOWN_CREDIT_BUCKET | FI_UNKNOWN_DURATION_BUCKET,FI_WITHOUT_CREDIT | FI_WITHOUT_DURATION,RF,RF Global Emergente - Sesgo EUR,0.0,100.0,0.0,0.0
LU0571100824,Groupama Europe Convertible NC,ALL_CONFLICTS,50,FIXED_INCOME,CONVERTIBLE_BOND,EUROPE,UNKNOWN,UNKNOWN,UNKNOWN,UNKNOWN,MEDIUM,False,0.924,0.45,FI_UNKNOWN_CREDIT_BUCKET | FI_UNKNOWN_DURATION_BUCKET,FI_WITHOUT_CREDIT | FI_WITHOUT_DURATION,RF,RF Convertibles Europa,0.0,100.0,0.0,0.0
LU0607225447,CT (Lux) Global Convertible Bond Fund A Acc EUR Hdg,ALL_CONFLICTS,50,FIXED_INCOME,CONVERTIBLE_BOND,GLOBAL,UNKNOWN,UNKNOWN,UNKNOWN,UNKNOWN,MEDIUM,False,0.924,0.45,FI_UNKNOWN_CREDIT_BUCKET | FI_UNKNOWN_DURATION_BUCKET,FI_WITHOUT_CREDIT | FI_WITHOUT_DURATION,RF,RF Convertibles Global - EUR Cubierto,0.0,100.0,0.0,0.0
LU0823394852,BNP Paribas Funds Global Convertible Classic RH EUR Capitalisation,ALL_CONFLICTS,50,FIXED_INCOME,CONVERTIBLE_BOND,GLOBAL,UNKNOWN,UNKNOWN,UNKNOWN,UNKNOWN,MEDIUM,False,0.924,0.45,FI_UNKNOWN_CREDIT_BUCKET | FI_UNKNOWN_DURATION_BUCKET,FI_WITHOUT_CREDIT | FI_WITHOUT_DURATION,RF,RF Convertibles Global - EUR Cubierto,0.0,100.0,0.0,0.0
LU1161086159,Amundi Funds - Emerging Markets Blended Bond A EUR (C),ALL_CONFLICTS,50,FIXED_INCOME,EMERGING_MARKETS_BOND,GLOBAL,UNKNOWN,UNKNOWN,UNKNOWN,UNKNOWN,MEDIUM,False,0.924,0.45,FI_UNKNOWN_CREDIT_BUCKET | FI_UNKNOWN_DURATION_BUCKET,FI_WITHOUT_CREDIT | FI_WITHOUT_DURATION,RF,RF Global Emergente - Sesgo EUR,0.0,100.0,0.0,0.0
LU1670708764,M&G (Lux) Global Convertibles Fund EUR B Acc,ALL_CONFLICTS,50,FIXED_INCOME,CONVERTIBLE_BOND,GLOBAL,UNKNOWN,UNKNOWN,UNKNOWN,UNKNOWN,MEDIUM,False,0.924,0.45,FI_UNKNOWN_CREDIT_BUCKET | FI_UNKNOWN_DURATION_BUCKET,FI_WITHOUT_CREDIT | FI_WITHOUT_DURATION,RF,RF Convertibles Global,0.0,100.0,0.0,0.0
LU0217139020,Pictet-Premium Brands P EUR,ALL_CONFLICTS,40,EQUITY,UNKNOWN,UNKNOWN,UNKNOWN,LARGE,UNKNOWN,UNKNOWN,HIGH,False,0.94,0.45,,EQUITY_WITHOUT_STYLE_BOX | MISSING_REGION_PRIMARY | UNKNOWN_SUBTYPE,RV,RV Sector Consumo,100.0,0.0,0.0,0.0
LU0329430986,GAM Multistock - Luxury Brands Equity EUR E,ALL_CONFLICTS,40,EQUITY,UNKNOWN,UNKNOWN,UNKNOWN,LARGE,UNKNOWN,UNKNOWN,HIGH,False,0.94,0.45,,EQUITY_WITHOUT_STYLE_BOX | MISSING_REGION_PRIMARY | UNKNOWN_SUBTYPE,RV,RV Sector Consumo,100.0,0.0,0.0,0.0
LU2145461757,Robeco Smart Energy D-EUR Capitalisation,ALL_CONFLICTS,40,EQUITY,UNKNOWN,UNKNOWN,UNKNOWN,LARGE,UNKNOWN,UNKNOWN,HIGH,False,0.94,0.45,,EQUITY_WITHOUT_STYLE_BOX | MISSING_REGION_PRIMARY | UNKNOWN_SUBTYPE,Alternativos,RV Sector Energía Alternativa,100.0,0.0,0.0,0.0
LU2145463373,Robeco Smart Energy M2-EUR Capitalisation,ALL_CONFLICTS,40,EQUITY,UNKNOWN,UNKNOWN,UNKNOWN,LARGE,UNKNOWN,UNKNOWN,HIGH,False,0.94,0.45,,EQUITY_WITHOUT_STYLE_BOX | MISSING_REGION_PRIMARY | UNKNOWN_SUBTYPE,Otros,RV Sector Energía Alternativa,100.0,0.0,0.0,0.0
BE0943877671,DPAM B - Bonds Eur Government B Cap,ALL_CONFLICTS,35,FIXED_INCOME,GOVERNMENT_BOND,UNKNOWN,UNKNOWN,UNKNOWN,HIGH_QUALITY,UNKNOWN,LOW,True,0.9524,0.45,FI_UNKNOWN_DURATION_BUCKET,FI_WITHOUT_DURATION | MISSING_REGION_PRIMARY,RF,RF Deuda Pública EUR,0.0,100.0,0.0,0.0
ES0111166031,Atl Capital Corto Plazo A FI,ALL_CONFLICTS,35,FIXED_INCOME,CORPORATE_BOND,UNKNOWN,UNKNOWN,UNKNOWN,UNKNOWN,SHORT,LOW,True,0.9524,0.45,FI_UNKNOWN_CREDIT_BUCKET,FI_WITHOUT_CREDIT | MISSING_REGION_PRIMARY,RF,RF Ultra Corto Plazo EUR,0.0,100.0,0.0,0.0
ES0126542036,Amundi Corto Plazo A FI,ALL_CONFLICTS,35,FIXED_INCOME,CORPORATE_BOND,UNKNOWN,UNKNOWN,UNKNOWN,UNKNOWN,SHORT,LOW,True,0.9524,0.45,FI_UNKNOWN_CREDIT_BUCKET,FI_WITHOUT_CREDIT | MISSING_REGION_PRIMARY,RF,RF Ultra Corto Plazo EUR,0.0,100.0,0.0,0.0
ES0127097030,Dux Rentinver Renta Fija FI,ALL_CONFLICTS,35,FIXED_INCOME,CORPORATE_BOND,UNKNOWN,UNKNOWN,UNKNOWN,MEDIUM_QUALITY,UNKNOWN,LOW,True,0.9524,0.45,FI_UNKNOWN_DURATION_BUCKET,FI_WITHOUT_DURATION | MISSING_REGION_PRIMARY,RF,RF Diversificada EUR,0.0,100.0,0.0,0.0
ES0127795005,EDM Renta R FI,ALL_CONFLICTS,35,FIXED_INCOME,CORPORATE_BOND,UNKNOWN,UNKNOWN,UNKNOWN,UNKNOWN,SHORT,LOW,True,0.9524,0.45,FI_UNKNOWN_CREDIT_BUCKET,FI_WITHOUT_CREDIT | MISSING_REGION_PRIMARY,RF,RF Ultra Corto Plazo EUR,0.0,100.0,0.0,0.0
ES0138922036,Gesconsult Corto Plazo A FI,ALL_CONFLICTS,35,FIXED_INCOME,CORPORATE_BOND,UNKNOWN,UNKNOWN,UNKNOWN,UNKNOWN,SHORT,LOW,True,0.9524,0.45,FI_UNKNOWN_CREDIT_BUCKET,FI_WITHOUT_CREDIT | MISSING_REGION_PRIMARY,RF,RF Ultra Corto Plazo EUR,0.0,100.0,0.0,0.0
ES0142167032,SIH Renta Fija A FI,ALL_CONFLICTS,35,FIXED_INCOME,CORPORATE_BOND,UNKNOWN,UNKNOWN,UNKNOWN,MEDIUM_QUALITY,UNKNOWN,LOW,True,0.9524,0.45,FI_UNKNOWN_DURATION_BUCKET,FI_WITHOUT_DURATION | MISSING_REGION_PRIMARY,RF,RF Diversificada EUR,0.0,100.0,0.0,0.0
ES0155598008,UBS Corto Plazo A FI,ALL_CONFLICTS,35,FIXED_INCOME,CORPORATE_BOND,UNKNOWN,UNKNOWN,UNKNOWN,UNKNOWN,SHORT,LOW,True,0.9524,0.45,FI_UNKNOWN_CREDIT_BUCKET,FI_WITHOUT_CREDIT | MISSING_REGION_PRIMARY,RF,RF Ultra Corto Plazo EUR,0.0,100.0,0.0,0.0
ES0155598032,UBS Corto Plazo B FI,ALL_CONFLICTS,35,FIXED_INCOME,CORPORATE_BOND,UNKNOWN,UNKNOWN,UNKNOWN,UNKNOWN,SHORT,LOW,True,0.9524,0.45,FI_UNKNOWN_CREDIT_BUCKET,FI_WITHOUT_CREDIT | MISSING_REGION_PRIMARY,RF,RF Ultra Corto Plazo EUR,0.0,100.0,0.0,0.0
ES0156873004,A&G Renta Fija Corto Plazo FI,ALL_CONFLICTS,35,FIXED_INCOME,CORPORATE_BOND,UNKNOWN,UNKNOWN,UNKNOWN,UNKNOWN,SHORT,LOW,True,0.9524,0.45,FI_UNKNOWN_CREDIT_BUCKET,FI_WITHOUT_CREDIT | MISSING_REGION_PRIMARY,RF,RF Ultra Corto Plazo EUR,0.0,100.0,0.0,0.0
ES0168662031,Trea Renta Fija FI,ALL_CONFLICTS,35,FIXED_INCOME,CORPORATE_BOND,UNKNOWN,UNKNOWN,UNKNOWN,MEDIUM_QUALITY,UNKNOWN,LOW,True,0.9524,0.45,FI_UNKNOWN_DURATION_BUCKET,FI_WITHOUT_DURATION | MISSING_REGION_PRIMARY,RF,RF Diversificada EUR,0.0,100.0,0.0,0.0
FR0010829697,Amundi Enhanced Ultra Short Term Bond Select P-C,ALL_CONFLICTS,35,FIXED_INCOME,CORPORATE_BOND,UNKNOWN,UNKNOWN,UNKNOWN,UNKNOWN,SHORT,LOW,True,0.9524,0.45,FI_UNKNOWN_CREDIT_BUCKET,FI_WITHOUT_CREDIT | MISSING_REGION_PRIMARY,RF,RF Ultra Corto Plazo EUR,0.0,100.0,0.0,0.0
FR0010950055,AXA IM Euro 6M E,ALL_CONFLICTS,35,FIXED_INCOME,CORPORATE_BOND,UNKNOWN,UNKNOWN,UNKNOWN,UNKNOWN,SHORT,LOW,True,0.9524,0.45,FI_UNKNOWN_CREDIT_BUCKET,FI_WITHOUT_CREDIT | MISSING_REGION_PRIMARY,RF,RF Ultra Corto Plazo EUR,0.0,100.0,0.0,0.0
FR0011288513,Sycomore Sélection Crédit R,ALL_CONFLICTS,35,FIXED_INCOME,CORPORATE_BOND,UNKNOWN,UNKNOWN,UNKNOWN,LOW_QUALITY,UNKNOWN,MEDIUM,False,0.9324,0.45,FI_UNKNOWN_DURATION_BUCKET,FI_WITHOUT_DURATION | MISSING_REGION_PRIMARY,RF,RF Deuda Corporativa EUR,0.0,100.0,0.0,0.0
LU0086177085,UBS (Lux) Bond Fund - Euro High Yield (EUR) P-acc,ALL_CONFLICTS,35,FIXED_INCOME,HIGH_YIELD_BOND,UNKNOWN,UNKNOWN,UNKNOWN,LOW_QUALITY,UNKNOWN,MEDIUM,False,0.9324,0.45,FI_UNKNOWN_DURATION_BUCKET,FI_WITHOUT_DURATION | MISSING_REGION_PRIMARY,RF,RF Bonos Alto Rendimiento EUR,0.0,100.0,0.0,0.0
LU0102737730,Invesco Funds - Invesco Euro Ultra-Short Term Debt Fund A Accumulation EUR,ALL_CONFLICTS,35,FIXED_INCOME,CORPORATE_BOND,UNKNOWN,UNKNOWN,UNKNOWN,UNKNOWN,SHORT,LOW,True,0.9524,0.45,FI_UNKNOWN_CREDIT_BUCKET,FI_WITHOUT_CREDIT | MISSING_REGION_PRIMARY,RF,RF Ultra Corto Plazo EUR,0.0,100.0,0.0,0.0
LU0102737904,Invesco Funds - Invesco Euro Ultra-Short Term Debt Fund C Accumulation EUR,ALL_CONFLICTS,35,FIXED_INCOME,CORPORATE_BOND,UNKNOWN,UNKNOWN,UNKNOWN,UNKNOWN,SHORT,LOW,True,0.9524,0.45,FI_UNKNOWN_CREDIT_BUCKET,FI_WITHOUT_CREDIT | MISSING_REGION_PRIMARY,RF,RF Ultra Corto Plazo EUR,0.0,100.0,0.0,0.0
LU0447425785,SIH FCP - Short Term EUR A Classic,ALL_CONFLICTS,35,FIXED_INCOME,CORPORATE_BOND,UNKNOWN,UNKNOWN,UNKNOWN,UNKNOWN,SHORT,LOW,True,0.9524,0.45,FI_UNKNOWN_CREDIT_BUCKET,FI_WITHOUT_CREDIT | MISSING_REGION_PRIMARY,RF,RF Ultra Corto Plazo EUR,0.0,100.0,0.0,0.0
LU0571101558,Groupama Euro High Yield NC,ALL_CONFLICTS,35,FIXED_INCOME,HIGH_YIELD_BOND,UNKNOWN,UNKNOWN,UNKNOWN,LOW_QUALITY,UNKNOWN,MEDIUM,False,0.9324,0.45,FI_UNKNOWN_DURATION_BUCKET,FI_WITHOUT_DURATION | MISSING_REGION_PRIMARY,RF,RF Bonos Alto Rendimiento EUR,0.0,100.0,0.0,0.0
LU0616839501,DWS Invest Euro High Yield Corporates LC,ALL_CONFLICTS,35,FIXED_INCOME,HIGH_YIELD_BOND,UNKNOWN,UNKNOWN,UNKNOWN,LOW_QUALITY,UNKNOWN,MEDIUM,False,0.9324,0.45,FI_UNKNOWN_DURATION_BUCKET,FI_WITHOUT_DURATION | MISSING_REGION_PRIMARY,RF,RF Bonos Alto Rendimiento EUR,0.0,100.0,0.0,0.0
LU1021288268,AB - Mortgage Income Portfolio A2 EUR Acc,ALL_CONFLICTS,35,FIXED_INCOME,CORPORATE_BOND,UNKNOWN,UNKNOWN,UNKNOWN,UNKNOWN,FLEXIBLE,LOW,False,0.9524,0.45,FI_UNKNOWN_CREDIT_BUCKET,FI_WITHOUT_CREDIT | MISSING_REGION_PRIMARY,RF,RF Flexible USD,0.0,100.0,0.0,0.0
LU1697013008,SIH FCP - Flexible Fixed Income USD,ALL_CONFLICTS,35,FIXED_INCOME,CORPORATE_BOND,UNKNOWN,UNKNOWN,UNKNOWN,UNKNOWN,FLEXIBLE,LOW,False,0.9524,0.45,FI_UNKNOWN_CREDIT_BUCKET,FI_WITHOUT_CREDIT | MISSING_REGION_PRIMARY,RF,RF Flexible USD,0.0,100.0,0.0,0.0
LU1902444584,CPR Invest - Climate Bonds Euro - A EUR - Acc,ALL_CONFLICTS,35,FIXED_INCOME,CORPORATE_BOND,UNKNOWN,UNKNOWN,UNKNOWN,MEDIUM_QUALITY,UNKNOWN,LOW,True,0.9524,0.45,FI_UNKNOWN_DURATION_BUCKET,FI_WITHOUT_DURATION | MISSING_REGION_PRIMARY,RF,RF Deuda Corporativa EUR,0.0,100.0,0.0,0.0
LU1965927921,DWS Invest ESG Floating Rate Notes LC,ALL_CONFLICTS,35,FIXED_INCOME,CORPORATE_BOND,UNKNOWN,UNKNOWN,UNKNOWN,UNKNOWN,SHORT,LOW,True,0.9524,0.45,FI_UNKNOWN_CREDIT_BUCKET,FI_WITHOUT_CREDIT | MISSING_REGION_PRIMARY,RF,RF Ultra Corto Plazo EUR,0.0,100.0,0.0,0.0
LU1982200609,DWS Invest Corporate Green Bonds LC,ALL_CONFLICTS,35,FIXED_INCOME,CORPORATE_BOND,UNKNOWN,UNKNOWN,UNKNOWN,MEDIUM_QUALITY,UNKNOWN,LOW,True,0.9524,0.45,FI_UNKNOWN_DURATION_BUCKET,FI_WITHOUT_DURATION | MISSING_REGION_PRIMARY,RF,RF Deuda Corporativa EUR,0.0,100.0,0.0,0.0
LU2222028099,Merchbanc FCP Renta Fija Flex A,ALL_CONFLICTS,35,FIXED_INCOME,CORPORATE_BOND,UNKNOWN,UNKNOWN,UNKNOWN,UNKNOWN,FLEXIBLE,LOW,False,0.9524,0.45,FI_UNKNOWN_CREDIT_BUCKET,FI_WITHOUT_CREDIT | MISSING_REGION_PRIMARY,RF,RF Flexible EUR,0.0,100.0,0.0,0.0
LU2278574988,Buy & Hold Luxembourg B&H Bond Class 2,ALL_CONFLICTS,35,FIXED_INCOME,CORPORATE_BOND,UNKNOWN,UNKNOWN,UNKNOWN,UNKNOWN,FLEXIBLE,LOW,False,0.9524,0.45,FI_UNKNOWN_CREDIT_BUCKET,FI_WITHOUT_CREDIT | MISSING_REGION_PRIMARY,RF,RF Flexible EUR,0.0,100.0,0.0,0.0
ES0114633003,Panda Agriculture & Water Fund FI,ALL_CONFLICTS,30,EQUITY,THEMATIC_EQUITY,UNKNOWN,UNKNOWN,SMALL,UNKNOWN,UNKNOWN,HIGH,False,0.94,0.45,,EQUITY_WITHOUT_STYLE_BOX | MISSING_REGION_PRIMARY,Otros,Sector Equity Agriculture,100.0,0.0,0.0,0.0
IE00B28YJQ65,Polar Capital Funds PLC - Polar Capital Healthcare Opportunities Fund Inc (EUR),ALL_CONFLICTS,30,EQUITY,SECTOR_EQUITY_HEALTHCARE,UNKNOWN,UNKNOWN,LARGE,UNKNOWN,UNKNOWN,HIGH,False,0.94,0.45,,EQUITY_WITHOUT_STYLE_BOX | MISSING_REGION_PRIMARY,RV,RV Sector Salud,100.0,0.0,0.0,0.0
IE00B3NLSS43,Polar Capital Funds PLC - Polar Capital Healthcare Opportunities Fund R Inc (EUR),ALL_CONFLICTS,30,EQUITY,SECTOR_EQUITY_HEALTHCARE,UNKNOWN,UNKNOWN,LARGE,UNKNOWN,UNKNOWN,HIGH,False,0.94,0.45,,EQUITY_WITHOUT_STYLE_BOX | MISSING_REGION_PRIMARY,RV,RV Sector Salud,100.0,0.0,0.0,0.0
IE00BKSBDB61,Polar Capital Funds PLC - Polar Capital Healthcare Opportunities R Acc (EUR),ALL_CONFLICTS,30,EQUITY,SECTOR_EQUITY_HEALTHCARE,UNKNOWN,UNKNOWN,LARGE,UNKNOWN,UNKNOWN,HIGH,False,0.94,0.45,,EQUITY_WITHOUT_STYLE_BOX | MISSING_REGION_PRIMARY,RV,RV Sector Salud,100.0,0.0,0.0,0.0
LU2348336004,FF - Climate Solutions Fund E-ACC-EUR,ALL_CONFLICTS,30,EQUITY,THEMATIC_EQUITY,UNKNOWN,UNKNOWN,LARGE,UNKNOWN,UNKNOWN,HIGH,False,0.94,0.45,,EQUITY_WITHOUT_STYLE_BOX | MISSING_REGION_PRIMARY,RV,RV Sector Ecología,100.0,0.0,0.0,0.0
LU2376061086,FF - Climate Solutions Fund A-Acc-EUR,ALL_CONFLICTS,30,EQUITY,THEMATIC_EQUITY,UNKNOWN,UNKNOWN,LARGE,UNKNOWN,UNKNOWN,HIGH,False,0.94,0.45,,EQUITY_WITHOUT_STYLE_BOX | MISSING_REGION_PRIMARY,RV,RV Sector Ecología,100.0,0.0,0.0,0.0
FR0010172767,EdR SICAV - Euro Sustainable Credit A EUR,ALL_CONFLICTS,25,FIXED_INCOME,CORPORATE_BOND,EUROZONE,UNKNOWN,UNKNOWN,MEDIUM_QUALITY,UNKNOWN,LOW,True,0.97,0.45,FI_UNKNOWN_DURATION_BUCKET,FI_WITHOUT_DURATION,RF,RF Deuda Corporativa EUR,0.0,100.0,0.0,0.0
FR0013201001,EdR SICAV - Euro Sustainable Credit R EUR,ALL_CONFLICTS,25,FIXED_INCOME,CORPORATE_BOND,EUROZONE,UNKNOWN,UNKNOWN,MEDIUM_QUALITY,UNKNOWN,LOW,True,0.97,0.45,FI_UNKNOWN_DURATION_BUCKET,FI_WITHOUT_DURATION,RF,RF Deuda Corporativa EUR,0.0,100.0,0.0,0.0
IE00B4XYLM55,Jupiter Emerging Market Debt Income Fund L EUR Acc,ALL_CONFLICTS,25,FIXED_INCOME,EMERGING_MARKETS_BOND,GLOBAL,UNKNOWN,UNKNOWN,MEDIUM_QUALITY,UNKNOWN,MEDIUM,False,0.97,0.45,FI_UNKNOWN_DURATION_BUCKET,FI_WITHOUT_DURATION,RF,RF Deuda Corporativa Global Emergente,0.0,100.0,0.0,0.0
IE00BD4GTQ32,FTGF ClearBridge Infrastructure Value Fund Class A Euro Accumulating,ALL_CONFLICTS,25,EQUITY,UNKNOWN,UNKNOWN,LARGE_VALUE,LARGE,UNKNOWN,UNKNOWN,HIGH,False,0.9024,0.45,HEURISTIC_STYLE_DEDUCTION,MISSING_REGION_PRIMARY | UNKNOWN_SUBTYPE,RV,RV Sector Infraestructura,100.0,0.0,0.0,0.0
IE00BMD7ZB71,Neuberger Berman Next Generation Connectivity Fund EUR A Accumulating Class - Unhedged,ALL_CONFLICTS,25,EQUITY,SECTOR_EQUITY_TECH,US,UNKNOWN,LARGE,UNKNOWN,UNKNOWN,HIGH,False,0.9024,0.45,REGION_PRIMARY_BORDERLINE,EQUITY_WITHOUT_STYLE_BOX,RV,RV Sector Tecnología,100.0,0.0,0.0,0.0
LU0077500055,Candriam Bonds Euro Long Term Class C EUR Cap,ALL_CONFLICTS,25,FIXED_INCOME,UNKNOWN,UNKNOWN,UNKNOWN,UNKNOWN,HIGH_QUALITY,LONG,LOW,True,0.8848,0.45,FI_UNKNOWN_SUBTYPE,MISSING_REGION_PRIMARY | UNKNOWN_SUBTYPE,RF,RF Largo Plazo EUR,0.0,100.0,0.0,0.0
LU0280435388,Pictet - Clean Energy Transition P EUR,ALL_CONFLICTS,25,EQUITY,THEMATIC_EQUITY,US,UNKNOWN,LARGE,UNKNOWN,UNKNOWN,HIGH,False,0.9024,0.45,REGION_PRIMARY_BORDERLINE,EQUITY_WITHOUT_STYLE_BOX,Otros,RV Sector Energía Alternativa,100.0,0.0,0.0,0.0
LU0280435461,Pictet-Clean Energy Transition R EUR,ALL_CONFLICTS,25,EQUITY,THEMATIC_EQUITY,US,UNKNOWN,LARGE,UNKNOWN,UNKNOWN,HIGH,False,0.9024,0.45,REGION_PRIMARY_BORDERLINE,EQUITY_WITHOUT_STYLE_BOX,Otros,RV Sector Energía Alternativa,100.0,0.0,0.0,0.0
LU0340559557,Pictet-Timber P EUR,ALL_CONFLICTS,25,EQUITY,US_EQUITY,US,UNKNOWN,MID,UNKNOWN,UNKNOWN,HIGH,False,0.9024,0.45,REGION_PRIMARY_BORDERLINE,EQUITY_WITHOUT_STYLE_BOX,RV,RV Sector Recursos Naturales,100.0,0.0,0.0,0.0
LU0455556406,UBS (Lux) Bond SICAV - Global Inflation-linked (USD) (EUR hedged) P-acc,ALL_CONFLICTS,25,FIXED_INCOME,INFLATION_LINKED_BOND,GLOBAL,UNKNOWN,UNKNOWN,HIGH_QUALITY,UNKNOWN,LOW,True,0.97,0.45,FI_UNKNOWN_DURATION_BUCKET,FI_WITHOUT_DURATION,Otros,Morningstar Global Treasury Inflation-Linked Securities GR Hedged EUR,0.0,100.0,0.0,0.0
LU0546917344,Goldman Sachs Euro Long Duration Bond - P Cap EUR,ALL_CONFLICTS,25,FIXED_INCOME,CORPORATE_BOND,EUROZONE,UNKNOWN,UNKNOWN,UNKNOWN,LONG,LOW,False,0.9612,0.45,FI_UNKNOWN_CREDIT_BUCKET,FI_WITHOUT_CREDIT,Otros,RF Largo Plazo EUR,0.0,100.0,0.0,0.0
LU0935222900,Natixis AM Funds - Ostrum Euro Inflation R/A (EUR),ALL_CONFLICTS,25,FIXED_INCOME,INFLATION_LINKED_BOND,EUROZONE,UNKNOWN,UNKNOWN,HIGH_QUALITY,UNKNOWN,LOW,True,0.97,0.45,FI_UNKNOWN_DURATION_BUCKET,FI_WITHOUT_DURATION,RF,RF Bonos Ligados Inflación EUR,0.0,100.0,0.0,0.0
LU1080015693,Edmond de Rothschild Fund - Emerging Credit A EUR Hedged,ALL_CONFLICTS,25,FIXED_INCOME,EMERGING_MARKETS_BOND,GLOBAL,UNKNOWN,UNKNOWN,MEDIUM_QUALITY,UNKNOWN,MEDIUM,False,0.97,0.45,FI_UNKNOWN_DURATION_BUCKET,FI_WITHOUT_DURATION,RF,RF Deuda Corporativa Global Emergente - Sesgo EUR,0.0,100.0,0.0,0.0
LU1165644672,IVO Funds - IVO Emerging Markets Corporate Debt EUR R Acc,ALL_CONFLICTS,25,FIXED_INCOME,EMERGING_MARKETS_BOND,GLOBAL,UNKNOWN,UNKNOWN,MEDIUM_QUALITY,UNKNOWN,MEDIUM,False,0.97,0.45,FI_UNKNOWN_DURATION_BUCKET,FI_WITHOUT_DURATION,RF,RF Deuda Corporativa Global Emergente - Sesgo EUR,0.0,100.0,0.0,0.0
LU1244893696,Edmond de Rothschild Fund - Big Data A-EUR accumulating,ALL_CONFLICTS,25,EQUITY,SECTOR_EQUITY_TECH,US,UNKNOWN,LARGE,UNKNOWN,UNKNOWN,HIGH,False,0.9024,0.45,REGION_PRIMARY_BORDERLINE,EQUITY_WITHOUT_STYLE_BOX,RV,RV Sector Tecnología,100.0,0.0,0.0,0.0
LU1244895394,Edmond de Rothschild Fund - Big Data R EUR,ALL_CONFLICTS,25,EQUITY,SECTOR_EQUITY_TECH,US,UNKNOWN,LARGE,UNKNOWN,UNKNOWN,HIGH,False,0.9024,0.45,REGION_PRIMARY_BORDERLINE,EQUITY_WITHOUT_STYLE_BOX,RV,RV Sector Tecnología,100.0,0.0,0.0,0.0
LU1670722161,M&G (Lux) Global Floating Rate High Yield Fund EUR A-H Acc,ALL_CONFLICTS,25,FIXED_INCOME,HIGH_YIELD_BOND,GLOBAL,UNKNOWN,UNKNOWN,LOW_QUALITY,UNKNOWN,MEDIUM,False,0.9612,0.45,FI_UNKNOWN_DURATION_BUCKET,FI_WITHOUT_DURATION,Otros,Global High Yield Bond - EUR Hedged,0.0,100.0,0.0,0.0
LU1679113404,UBS (Lux) Bond SICAV - Floating Rate Income (USD) (EUR hedged) P-acc,ALL_CONFLICTS,25,FIXED_INCOME,HIGH_YIELD_BOND,GLOBAL,UNKNOWN,UNKNOWN,LOW_QUALITY,UNKNOWN,MEDIUM,False,0.9612,0.45,FI_UNKNOWN_DURATION_BUCKET,FI_WITHOUT_DURATION,Otros,Global High Yield Bond - EUR Hedged,0.0,100.0,0.0,0.0
LU1882457143,Amundi Funds - Emerging Markets Corporate High Yield Bond A EUR (C),ALL_CONFLICTS,25,FIXED_INCOME,HIGH_YIELD_BOND,GLOBAL,UNKNOWN,UNKNOWN,LOW_QUALITY,UNKNOWN,MEDIUM,False,0.9612,0.45,FI_UNKNOWN_DURATION_BUCKET,FI_WITHOUT_DURATION,RF,RF Deuda Corporativa Global Emergente,0.0,100.0,0.0,0.0
LU1882457739,Amundi Funds - Emerging Markets Corporate High Yield Bond C EUR (C),ALL_CONFLICTS,25,FIXED_INCOME,HIGH_YIELD_BOND,GLOBAL,UNKNOWN,UNKNOWN,LOW_QUALITY,UNKNOWN,MEDIUM,False,0.9612,0.45,FI_UNKNOWN_DURATION_BUCKET,FI_WITHOUT_DURATION,RF,RF Deuda Corporativa Global Emergente,0.0,100.0,0.0,0.0
LU1882462655,Amundi Funds - Emerging Markets Short Term Bond A2 EUR (C),ALL_CONFLICTS,25,FIXED_INCOME,EMERGING_MARKETS_BOND,GLOBAL,UNKNOWN,UNKNOWN,UNKNOWN,SHORT,MEDIUM,False,0.97,0.45,FI_UNKNOWN_CREDIT_BUCKET,FI_WITHOUT_CREDIT,RF,RF Global Emergente,0.0,100.0,0.0,0.0
LU1882462739,Amundi Funds - Emerging Markets Short Term Bond A2 EUR Hgd (C),ALL_CONFLICTS,25,FIXED_INCOME,EMERGING_MARKETS_BOND,GLOBAL,UNKNOWN,UNKNOWN,UNKNOWN,SHORT,MEDIUM,False,0.97,0.45,FI_UNKNOWN_CREDIT_BUCKET,FI_WITHOUT_CREDIT,RF,RF Global Emergente - Sesgo EUR,0.0,100.0,0.0,0.0
LU1883334275,Amundi Funds - Global Subordinated Bond A EUR (C),ALL_CONFLICTS,25,FIXED_INCOME,HIGH_YIELD_BOND,GLOBAL,UNKNOWN,UNKNOWN,LOW_QUALITY,UNKNOWN,MEDIUM,False,0.9612,0.45,FI_UNKNOWN_DURATION_BUCKET,FI_WITHOUT_DURATION,Otros,,0.0,100.0,0.0,0.0
LU1931535931,Allianz Pet and Animal Wellbeing AT EUR,ALL_CONFLICTS,25,EQUITY,US_EQUITY,US,UNKNOWN,MID,UNKNOWN,UNKNOWN,HIGH,False,0.9024,0.45,REGION_PRIMARY_BORDERLINE,EQUITY_WITHOUT_STYLE_BOX,RV,RV Sector Otros,100.0,0.0,0.0,0.0
LU2146190835,Robeco Sustainable Water D-EUR Capitalisation,ALL_CONFLICTS,25,EQUITY,THEMATIC_EQUITY,US,UNKNOWN,MID,UNKNOWN,UNKNOWN,HIGH,False,0.9024,0.45,REGION_PRIMARY_BORDERLINE,EQUITY_WITHOUT_STYLE_BOX,Otros,Sector Equity Water,100.0,0.0,0.0,0.0
DE0008490962,DWS Deutschland LC,ALL_CONFLICTS,20,EQUITY,EUROZONE_EQUITY,EUROZONE,UNKNOWN,LARGE,UNKNOWN,UNKNOWN,HIGH,False,0.95,0.45,,EQUITY_WITHOUT_STYLE_BOX,RV,RV Alemania Cap. Grande,100.0,0.0,0.0,0.0
ES0137381036,Gesconsult Renta Variable Iberia A FI,ALL_CONFLICTS,20,EQUITY,EUROZONE_EQUITY,EUROZONE,UNKNOWN,LARGE,UNKNOWN,UNKNOWN,HIGH,False,0.95,0.45,,EQUITY_WITHOUT_STYLE_BOX,RV,RV España,100.0,0.0,0.0,0.0
ES0138911039,Gesconsult Renta Variable Eurozona FI,ALL_CONFLICTS,20,EQUITY,EUROZONE_EQUITY,EUROZONE,UNKNOWN,LARGE,UNKNOWN,UNKNOWN,HIGH,False,0.97,0.45,,EQUITY_WITHOUT_STYLE_BOX,RV,RV Zona Euro Cap. Grande,100.0,0.0,0.0,0.0
ES0140643034,GVC Gaesco Europa FI,ALL_CONFLICTS,20,EQUITY,EUROPE_EQUITY,EUROPE,UNKNOWN,SMALL,UNKNOWN,UNKNOWN,HIGH,False,0.95,0.45,,EQUITY_WITHOUT_STYLE_BOX,RV,RV Europa Cap. Mediana,100.0,0.0,0.0,0.0
ES0141113037,GVC Gaesco Japón A FI,ALL_CONFLICTS,20,EQUITY,JAPAN_EQUITY,JAPAN,UNKNOWN,LARGE,UNKNOWN,UNKNOWN,HIGH,False,0.95,0.45,,EQUITY_WITHOUT_STYLE_BOX,RV,RV Japón Cap. Grande,100.0,0.0,0.0,0.0
ES0141991002,Gestión Talento FI,ALL_CONFLICTS,20,EQUITY,GLOBAL_EQUITY,GLOBAL,UNKNOWN,SMALL,UNKNOWN,UNKNOWN,HIGH,False,0.97,0.45,,EQUITY_WITHOUT_STYLE_BOX,Otros,Global Small-Cap Equity,100.0,0.0,0.0,0.0
ES0155142005,Intermoney Variable Euro A FI,ALL_CONFLICTS,20,EQUITY,EUROZONE_EQUITY,EUROZONE,UNKNOWN,LARGE,UNKNOWN,UNKNOWN,HIGH,False,0.97,0.45,,EQUITY_WITHOUT_STYLE_BOX,RV,RV Zona Euro Cap. Mediana,100.0,0.0,0.0,0.0
ES0159201013,Magallanes Iberian Equity M FI,ALL_CONFLICTS,20,EQUITY,EUROZONE_EQUITY,EUROZONE,UNKNOWN,SMALL,UNKNOWN,UNKNOWN,HIGH,False,0.95,0.45,,EQUITY_WITHOUT_STYLE_BOX,RV,RV España,100.0,0.0,0.0,0.0
ES0159259011,Magallanes European Equity M FI,ALL_CONFLICTS,20,EQUITY,EUROPE_EQUITY,EUROPE,UNKNOWN,MID,UNKNOWN,UNKNOWN,HIGH,False,0.97,0.45,,EQUITY_WITHOUT_STYLE_BOX,RV,RV Europa Cap. Mediana,100.0,0.0,0.0,0.0
ES0162332037,Merchfondo FI,ALL_CONFLICTS,20,EQUITY,GLOBAL_EQUITY,GLOBAL,UNKNOWN,LARGE,UNKNOWN,UNKNOWN,HIGH,False,0.97,0.45,,EQUITY_WITHOUT_STYLE_BOX,RV,RV Global Cap. Med/Peq,100.0,0.0,0.0,0.0
ES0167238023,Estela Global Equities R FI,ALL_CONFLICTS,20,EQUITY,GLOBAL_EQUITY,GLOBAL,UNKNOWN,SMALL,UNKNOWN,UNKNOWN,HIGH,False,0.97,0.45,,EQUITY_WITHOUT_STYLE_BOX,Otros,Global Small-Cap Equity,100.0,0.0,0.0,0.0
ES0170865002,SIH Healthcare A FI,ALL_CONFLICTS,20,EQUITY,SECTOR_EQUITY_HEALTHCARE,GLOBAL,UNKNOWN,LARGE,UNKNOWN,UNKNOWN,HIGH,False,0.97,0.45,,EQUITY_WITHOUT_STYLE_BOX,Otros,Morningstar Global Healthcare,100.0,0.0,0.0,0.0
ES0182769002,Valentum E FI,ALL_CONFLICTS,20,EQUITY,EUROPE_EQUITY,EUROPE,UNKNOWN,SMALL,UNKNOWN,UNKNOWN,HIGH,False,0.95,0.45,,EQUITY_WITHOUT_STYLE_BOX,RV,RV Europa Cap. Pequeña,100.0,0.0,0.0,0.0
FI0008804463,Evli Euro Liquidity B,ALL_CONFLICTS,20,MONETARY,UNKNOWN,UNKNOWN,UNKNOWN,UNKNOWN,UNKNOWN,UNKNOWN,LOW,True,0.95,0.45,,MISSING_REGION_PRIMARY | UNKNOWN_SUBTYPE,RF,RF Ultra Corto Plazo EUR,0.0,0.0,100.0,0.0
FR0000174310,Lazard Small Caps Euro SRI I,ALL_CONFLICTS,20,EQUITY,EUROZONE_EQUITY,EUROZONE,UNKNOWN,SMALL,UNKNOWN,UNKNOWN,HIGH,False,0.97,0.45,,EQUITY_WITHOUT_STYLE_BOX,RV,RV Zona Euro Cap. Pequeña,100.0,0.0,0.0,0.0
FR0000989626,Groupama Trésorerie IC,ALL_CONFLICTS,20,MONETARY,UNKNOWN,UNKNOWN,UNKNOWN,UNKNOWN,UNKNOWN,UNKNOWN,LOW,True,0.95,0.45,,MISSING_REGION_PRIMARY | UNKNOWN_SUBTYPE,Otros,Mercado Monetario Estable EUR,0.0,0.0,100.0,0.0
FR0000989899,Oddo BHF Avenir CR-EUR,ALL_CONFLICTS,20,EQUITY,EUROZONE_EQUITY,EUROZONE,UNKNOWN,MID,UNKNOWN,UNKNOWN,HIGH,False,0.95,0.45,,EQUITY_WITHOUT_STYLE_BOX,RV,RV Francia Cap. Peq/Mediana,100.0,0.0,0.0,0.0
FR0010288308,Groupama Avenir Euro NC,ALL_CONFLICTS,20,EQUITY,EUROZONE_EQUITY,EUROZONE,UNKNOWN,MID,UNKNOWN,UNKNOWN,HIGH,False,0.97,0.45,,EQUITY_WITHOUT_STYLE_BOX,Otros,Eurozone Mid-Cap Equity,100.0,0.0,0.0,0.0
FR0010321810,Echiquier Agenor SRI Mid Cap Europe A,ALL_CONFLICTS,20,EQUITY,EUROPE_EQUITY,EUROPE,UNKNOWN,MID,UNKNOWN,UNKNOWN,HIGH,False,0.97,0.45,,EQUITY_WITHOUT_STYLE_BOX,Otros,Europe Mid-Cap Equity,100.0,0.0,0.0,0.0
FR0010547869,Sextant PME A,ALL_CONFLICTS,20,EQUITY,EUROZONE_EQUITY,EUROZONE,UNKNOWN,SMALL,UNKNOWN,UNKNOWN,HIGH,False,0.97,0.45,,EQUITY_WITHOUT_STYLE_BOX,RV,RV Zona Euro Cap. Pequeña,100.0,0.0,0.0,0.0
FR0011170182,Ofi Invest Precious Metals R,ALL_CONFLICTS,20,COMMODITIES,UNKNOWN,UNKNOWN,UNKNOWN,UNKNOWN,UNKNOWN,UNKNOWN,HIGH,False,0.95,0.45,,MISSING_REGION_PRIMARY | UNKNOWN_SUBTYPE,Otros,Materias Primas - Metales Preciosos,0.0,0.0,0.0,100.0
IE0003867441,BNY Mellon Small Cap Euroland Fund EUR A Acc,ALL_CONFLICTS,20,EQUITY,EUROZONE_EQUITY,EUROZONE,UNKNOWN,MID,UNKNOWN,UNKNOWN,HIGH,False,0.97,0.45,,EQUITY_WITHOUT_STYLE_BOX,Otros,Eurozone Mid-Cap Equity,100.0,0.0,0.0,0.0
IE0031069499,AXA IM Equity Trust - AXA IM All Country Asia Pacific Ex-Japan Small Cap Equity QI,ALL_CONFLICTS,20,EQUITY,GLOBAL_SMALL_CAP_EQUITY,GLOBAL,UNKNOWN,MID,UNKNOWN,UNKNOWN,HIGH,False,0.97,0.45,,EQUITY_WITHOUT_STYLE_BOX,RV,RV Asia Pacífico (ex-Japón),100.0,0.0,0.0,0.0
IE0034277479,AXA IM Equity Trust - AXA IM All Country Asia Pacific Ex-Japan Small Cap Equity QI,ALL_CONFLICTS,20,EQUITY,GLOBAL_SMALL_CAP_EQUITY,GLOBAL,UNKNOWN,MID,UNKNOWN,UNKNOWN,HIGH,False,0.97,0.45,,EQUITY_WITHOUT_STYLE_BOX,RV,RV Asia Pacífico (ex-Japón),100.0,0.0,0.0,0.0
IE00B23S7K36,BNY Mellon Brazil Equity Fund EUR A Acc,ALL_CONFLICTS,20,EQUITY,EMERGING_MARKETS_EQUITY,EMERGING,UNKNOWN,LARGE,UNKNOWN,UNKNOWN,HIGH,False,0.97,0.45,,EQUITY_WITHOUT_STYLE_BOX,RV,RV Brasil,100.0,0.0,0.0,0.0
IE00B3VXGD32,Polar Capital Funds PLC - Biotechnology Fund R Inc (EUR),ALL_CONFLICTS,20,EQUITY,SECTOR_EQUITY_TECH,US,UNKNOWN,SMALL,UNKNOWN,UNKNOWN,HIGH,False,0.95,0.45,,EQUITY_WITHOUT_STYLE_BOX,RV,RV Sector Biotecnología,100.0,0.0,0.0,0.0
IE00B52VLZ70,Polar Capital Funds PLC - Polar Capital Global Insurance Fund R Acc (EUR),ALL_CONFLICTS,20,EQUITY,GLOBAL_EQUITY,GLOBAL,UNKNOWN,SMALL,UNKNOWN,UNKNOWN,HIGH,False,0.97,0.45,,EQUITY_WITHOUT_STYLE_BOX,RV,RV Sector Finanzas,100.0,0.0,0.0,0.0
IE00B87MS887,Liontrust GF Special Situations Fund A1 Acc EUR,ALL_CONFLICTS,20,EQUITY,EUROPE_EQUITY,EUROPE,UNKNOWN,SMALL,UNKNOWN,UNKNOWN,HIGH,False,0.95,0.45,,EQUITY_WITHOUT_STYLE_BOX,RV,RV RU Cap. Mediana,100.0,0.0,0.0,0.0
IE00B88WFS66,Federated Hermes Asia ex-Japan Equity Fund Class R EUR Accumulating,ALL_CONFLICTS,20,EQUITY,ASIA_PACIFIC_EQUITY,ASIA_DEV,UNKNOWN,LARGE,UNKNOWN,UNKNOWN,HIGH,False,0.97,0.45,,EQUITY_WITHOUT_STYLE_BOX,RV,RV Asia (ex-Japón),100.0,0.0,0.0,0.0
IE00BDH6RQ67,UTI India Dynamic Equity EURO Retail,ALL_CONFLICTS,20,EQUITY,EMERGING_MARKETS_EQUITY,EMERGING,UNKNOWN,LARGE,UNKNOWN,UNKNOWN,HIGH,False,0.97,0.45,,EQUITY_WITHOUT_STYLE_BOX,Otros,Morningstar India Target Market Exposure NR USD,100.0,0.0,0.0,0.0
IE00BM95B621,Polar Capital Funds PLC - Polar Capital Global Technology Fund R Acc,ALL_CONFLICTS,20,EQUITY,SECTOR_EQUITY_TECH,GLOBAL,UNKNOWN,LARGE,UNKNOWN,UNKNOWN,HIGH,False,0.97,0.45,,EQUITY_WITHOUT_STYLE_BOX,RV,RV Sector Tecnología,100.0,0.0,0.0,0.0
IE00BYR8H148,Jupiter Merian World Equity Fund L EUR Acc,ALL_CONFLICTS,20,EQUITY,GLOBAL_EQUITY,GLOBAL,UNKNOWN,LARGE,UNKNOWN,UNKNOWN,HIGH,False,0.97,0.45,,EQUITY_WITHOUT_STYLE_BOX,RV,RV Global Cap. Med/Peq,100.0,0.0,0.0,0.0
IE00BZ4D7648,Polar Capital Funds PLC - Polar Capital Global Technology Fund R EUR Hedged Accumulation,ALL_CONFLICTS,20,EQUITY,SECTOR_EQUITY_TECH,GLOBAL,UNKNOWN,LARGE,UNKNOWN,UNKNOWN,HIGH,False,0.97,0.45,,EQUITY_WITHOUT_STYLE_BOX,RV,RV Sector Otros,100.0,0.0,0.0,0.0
LU0011889846,Janus Henderson Horizon Euroland Fund A2 EUR,ALL_CONFLICTS,20,EQUITY,EUROZONE_EQUITY,EUROZONE,UNKNOWN,LARGE,UNKNOWN,UNKNOWN,HIGH,False,0.97,0.45,,EQUITY_WITHOUT_STYLE_BOX,RV,RV Zona Euro Cap. Grande,100.0,0.0,0.0,0.0
LU0028119013,Invesco Funds - Invesco Pan European Small Cap Equity Fund A Accumulation EUR,ALL_CONFLICTS,20,EQUITY,EUROPE_EQUITY,EUROPE,UNKNOWN,MID,UNKNOWN,UNKNOWN,HIGH,False,0.97,0.45,,EQUITY_WITHOUT_STYLE_BOX,RV,RV Europa Cap. Pequeña,100.0,0.0,0.0,0.0
LU0049842692,UBS (Lux) Equity Fund - Mid Caps Europe (EUR) P-acc,ALL_CONFLICTS,20,EQUITY,EUROPE_EQUITY,EUROPE,UNKNOWN,MID,UNKNOWN,UNKNOWN,HIGH,False,0.97,0.45,,EQUITY_WITHOUT_STYLE_BOX,Otros,Europe Mid-Cap Equity,100.0,0.0,0.0,0.0
LU0073229253,Morgan Stanley Investment Funds - Asia Equity Fund A,ALL_CONFLICTS,20,EQUITY,ASIA_PACIFIC_EQUITY,ASIA_DEV,UNKNOWN,LARGE,UNKNOWN,UNKNOWN,HIGH,False,0.97,0.45,,EQUITY_WITHOUT_STYLE_BOX,RV,RV Asia (ex-Japón),100.0,0.0,0.0,0.0
LU0084617165,Robeco Asia-Pacific Equities D €,ALL_CONFLICTS,20,EQUITY,ASIA_PACIFIC_EQUITY,ASIA_DEV,UNKNOWN,LARGE,UNKNOWN,UNKNOWN,HIGH,False,0.97,0.45,,EQUITY_WITHOUT_STYLE_BOX,RV,RV Asia Pacífico (incl. Japón),100.0,0.0,0.0,0.0
LU0093583077,Candriam Money Market Euro C Acc EUR,ALL_CONFLICTS,20,MONETARY,UNKNOWN,UNKNOWN,UNKNOWN,UNKNOWN,UNKNOWN,UNKNOWN,LOW,True,0.95,0.45,,MISSING_REGION_PRIMARY | UNKNOWN_SUBTYPE,Otros,Mercado Monetario Estable EUR,0.0,0.0,100.0,0.0
LU0114722738,Fidelity Funds - Global Financial Services Fund E-Acc-EUR,ALL_CONFLICTS,20,EQUITY,GLOBAL_EQUITY,GLOBAL,UNKNOWN,LARGE,UNKNOWN,UNKNOWN,HIGH,False,0.97,0.45,,EQUITY_WITHOUT_STYLE_BOX,RV,RV Sector Finanzas,100.0,0.0,0.0,0.0
LU0114723033,Fidelity Funds - Global Industrials Fund E-Acc-EUR,ALL_CONFLICTS,20,EQUITY,GLOBAL_EQUITY,GLOBAL,UNKNOWN,LARGE,UNKNOWN,UNKNOWN,HIGH,False,0.97,0.45,,EQUITY_WITHOUT_STYLE_BOX,RV,RV Sector Materiales Insustriales,100.0,0.0,0.0,0.0
LU0115139569,Invesco Funds - Invesco Global Consumer Trends Fund E Accumulation EUR,ALL_CONFLICTS,20,EQUITY,GLOBAL_EQUITY,GLOBAL,UNKNOWN,LARGE,UNKNOWN,UNKNOWN,HIGH,False,0.97,0.45,,EQUITY_WITHOUT_STYLE_BOX,RV,RV Sector Consumo,100.0,0.0,0.0,0.0
LU0115143082,Invesco Funds - Invesco Asia Opportunities Equity Fund E Accumulation EUR,ALL_CONFLICTS,20,EQUITY,ASIA_PACIFIC_EQUITY,ASIA_DEV,UNKNOWN,LARGE,UNKNOWN,UNKNOWN,HIGH,False,0.97,0.45,,EQUITY_WITHOUT_STYLE_BOX,RV,RV Asia (ex-Japón),100.0,0.0,0.0,0.0
LU0115765678,Fidelity Funds - Iberia Fund E-Acc-EUR,ALL_CONFLICTS,20,EQUITY,EUROZONE_EQUITY,EUROZONE,UNKNOWN,LARGE,UNKNOWN,UNKNOWN,HIGH,False,0.95,0.45,,EQUITY_WITHOUT_STYLE_BOX,RV,RV España,100.0,0.0,0.0,0.0
LU0115773425,Fidelity Funds - Global Technology Fund E-Acc-EUR,ALL_CONFLICTS,20,EQUITY,SECTOR_EQUITY_TECH,GLOBAL,UNKNOWN,LARGE,UNKNOWN,UNKNOWN,HIGH,False,0.97,0.45,,EQUITY_WITHOUT_STYLE_BOX,RV,RV Sector Tecnología,100.0,0.0,0.0,0.0
LU0117843481,JPMorgan Funds - Taiwan Fund A (dist) - USD,ALL_CONFLICTS,20,EQUITY,EMERGING_MARKETS_EQUITY,EMERGING,UNKNOWN,LARGE,UNKNOWN,UNKNOWN,HIGH,False,0.97,0.45,,EQUITY_WITHOUT_STYLE_BOX,RV,RV Taiwán Cap. Grande,100.0,0.0,0.0,0.0
LU0117843721,JPMorgan Funds - Taiwan Fund D (acc) - USD,ALL_CONFLICTS,20,EQUITY,EMERGING_MARKETS_EQUITY,EMERGING,UNKNOWN,LARGE,UNKNOWN,UNKNOWN,HIGH,False,0.97,0.45,,EQUITY_WITHOUT_STYLE_BOX,RV,RV Taiwán Cap. Grande,100.0,0.0,0.0,0.0
LU0117858166,JPMorgan Funds - Euroland Equity Fund D (acc) - EUR,ALL_CONFLICTS,20,EQUITY,EUROZONE_EQUITY,EUROZONE,UNKNOWN,LARGE,UNKNOWN,UNKNOWN,HIGH,False,0.97,0.45,,EQUITY_WITHOUT_STYLE_BOX,RV,RV Zona Euro Cap. Grande,100.0,0.0,0.0,0.0
LU0117859560,JPMorgan Funds - Europe Small Cap Fund D (acc) - EUR,ALL_CONFLICTS,20,EQUITY,EUROPE_EQUITY,EUROPE,UNKNOWN,MID,UNKNOWN,UNKNOWN,HIGH,False,0.97,0.45,,EQUITY_WITHOUT_STYLE_BOX,RV,RV Europa Cap. Pequeña,100.0,0.0,0.0,0.0
LU0117884675,JPMorgan Funds - Europe Dynamic Technologies Fund D (acc) - EUR,ALL_CONFLICTS,20,EQUITY,EUROPE_EQUITY,EUROPE,UNKNOWN,LARGE,UNKNOWN,UNKNOWN,HIGH,False,0.97,0.45,,EQUITY_WITHOUT_STYLE_BOX,RV,RV Sector Tecnología,100.0,0.0,0.0,0.0
LU0171275786,BlackRock Global Funds - Emerging Markets Fund A2 (EUR),ALL_CONFLICTS,20,EQUITY,GLOBAL_EQUITY,GLOBAL,UNKNOWN,LARGE,UNKNOWN,UNKNOWN,HIGH,False,0.97,0.45,,EQUITY_WITHOUT_STYLE_BOX,RV,RV Global Emergente,100.0,0.0,0.0,0.0
LU0171289902,BlackRock Global Funds - Sustainable Energy Fund A2 (EUR),ALL_CONFLICTS,20,EQUITY,THEMATIC_EQUITY,GLOBAL,UNKNOWN,LARGE,UNKNOWN,UNKNOWN,HIGH,False,0.97,0.45,,EQUITY_WITHOUT_STYLE_BOX,Otros,RV Sector Energía Alternativa,100.0,0.0,0.0,0.0
LU0171290074,BlackRock Global Funds - Sustainable Energy Fund E2 (EUR),ALL_CONFLICTS,20,EQUITY,THEMATIC_EQUITY,GLOBAL,UNKNOWN,LARGE,UNKNOWN,UNKNOWN,HIGH,False,0.97,0.45,,EQUITY_WITHOUT_STYLE_BOX,Otros,RV Sector Energía Alternativa,100.0,0.0,0.0,0.0
LU0171304552,BlackRock Global Funds - World Energy Fund E2 (EUR),ALL_CONFLICTS,20,EQUITY,GLOBAL_EQUITY,GLOBAL,UNKNOWN,LARGE,UNKNOWN,UNKNOWN,HIGH,False,0.97,0.45,,EQUITY_WITHOUT_STYLE_BOX,Otros,RV Sector Energía,100.0,0.0,0.0,0.0
LU0171304719,BlackRock Global Funds - World Financials Fund A2 (EUR),ALL_CONFLICTS,20,EQUITY,GLOBAL_EQUITY,GLOBAL,UNKNOWN,LARGE,UNKNOWN,UNKNOWN,HIGH,False,0.97,0.45,,EQUITY_WITHOUT_STYLE_BOX,RV,RV Sector Finanzas,100.0,0.0,0.0,0.0
LU0171305443,BlackRock Global Funds - World Financials Fund E2 (EUR),ALL_CONFLICTS,20,EQUITY,GLOBAL_EQUITY,GLOBAL,UNKNOWN,LARGE,UNKNOWN,UNKNOWN,HIGH,False,0.97,0.45,,EQUITY_WITHOUT_STYLE_BOX,RV,RV Sector Finanzas,100.0,0.0,0.0,0.0
LU0171307068,BlackRock Global Funds - World Healthscience Fund A2 (EUR),ALL_CONFLICTS,20,EQUITY,SECTOR_EQUITY_HEALTHCARE,GLOBAL,UNKNOWN,LARGE,UNKNOWN,UNKNOWN,HIGH,False,0.97,0.45,,EQUITY_WITHOUT_STYLE_BOX,RV,RV Sector Salud,100.0,0.0,0.0,0.0
LU0171309270,BlackRock Global Funds - World Healthscience Fund E2 (EUR),ALL_CONFLICTS,20,EQUITY,SECTOR_EQUITY_HEALTHCARE,GLOBAL,UNKNOWN,LARGE,UNKNOWN,UNKNOWN,HIGH,False,0.97,0.45,,EQUITY_WITHOUT_STYLE_BOX,RV,RV Sector Salud,100.0,0.0,0.0,0.0
LU0173782102,Nordea 1 - Asia ex Japan Equity Fund BP EUR,ALL_CONFLICTS,20,EQUITY,ASIA_PACIFIC_EQUITY,ASIA_DEV,UNKNOWN,LARGE,UNKNOWN,UNKNOWN,HIGH,False,0.97,0.45,,EQUITY_WITHOUT_STYLE_BOX,RV,RV Asia (ex-Japón),100.0,0.0,0.0,0.0
LU0181496216,Schroder International Selection Fund Emerging Asia A1 Accumulation USD,ALL_CONFLICTS,20,EQUITY,GLOBAL_EQUITY,GLOBAL,UNKNOWN,LARGE,UNKNOWN,UNKNOWN,HIGH,False,0.97,0.45,,EQUITY_WITHOUT_STYLE_BOX,RV,RV Asia (ex-Japón),100.0,0.0,0.0,0.0
LU0184627536,AXA World Funds - Switzerland Equity A Capitalisation EUR,ALL_CONFLICTS,20,EQUITY,GLOBAL_EQUITY,GLOBAL,UNKNOWN,LARGE,UNKNOWN,UNKNOWN,HIGH,False,0.97,0.45,,EQUITY_WITHOUT_STYLE_BOX,RV,RV Suiza Cap. Grande,100.0,0.0,0.0,0.0
LU0188151095,Templeton European Small-Mid Cap Fund N(acc)EUR,ALL_CONFLICTS,20,EQUITY,EUROPE_EQUITY,EUROPE,UNKNOWN,MID,UNKNOWN,UNKNOWN,HIGH,False,0.97,0.45,,EQUITY_WITHOUT_STYLE_BOX,RV,RV Europa Cap. Pequeña,100.0,0.0,0.0,0.0
LU0188151921,Templeton Emerging Markets Fund N(acc)EUR,ALL_CONFLICTS,20,EQUITY,GLOBAL_EQUITY,GLOBAL,UNKNOWN,LARGE,UNKNOWN,UNKNOWN,HIGH,False,0.97,0.45,,EQUITY_WITHOUT_STYLE_BOX,RV,RV Global Emergente,100.0,0.0,0.0,0.0
LU0212178916,BNP Paribas Funds Europe Small Cap Classic Capitalisation,ALL_CONFLICTS,20,EQUITY,EUROPE_EQUITY,EUROPE,UNKNOWN,MID,UNKNOWN,UNKNOWN,HIGH,False,0.97,0.45,,EQUITY_WITHOUT_STYLE_BOX,Otros,Europe Mid-Cap Equity,100.0,0.0,0.0,0.0
LU0217576833,JPMorgan Funds - Emerging Markets Equity Fund D (acc) - EUR,ALL_CONFLICTS,20,EQUITY,GLOBAL_EQUITY,GLOBAL,UNKNOWN,LARGE,UNKNOWN,UNKNOWN,HIGH,False,0.97,0.45,,EQUITY_WITHOUT_STYLE_BOX,RV,RV Global Emergente,100.0,0.0,0.0,0.0
LU0224105477,BlackRock Global Funds - Continental European Flexible Fund Class A2,ALL_CONFLICTS,20,EQUITY,GLOBAL_EQUITY,GLOBAL,UNKNOWN,LARGE,UNKNOWN,UNKNOWN,HIGH,False,0.97,0.45,,EQUITY_WITHOUT_STYLE_BOX,RV,RV Europa ex-RU Cap. Grande,100.0,0.0,0.0,0.0
LU0224105980,BlackRock Global Funds - Continental European Flexible Fund E2,ALL_CONFLICTS,20,EQUITY,GLOBAL_EQUITY,GLOBAL,UNKNOWN,LARGE,UNKNOWN,UNKNOWN,HIGH,False,0.97,0.45,,EQUITY_WITHOUT_STYLE_BOX,RV,RV Europa ex-RU Cap. Grande,100.0,0.0,0.0,0.0
LU0231205856,Franklin India Fund N(acc)EUR,ALL_CONFLICTS,20,EQUITY,EMERGING_MARKETS_EQUITY,EMERGING,UNKNOWN,LARGE,UNKNOWN,UNKNOWN,HIGH,False,0.97,0.45,,EQUITY_WITHOUT_STYLE_BOX,RV,RV India,100.0,0.0,0.0,0.0
LU0231490524,abrdn SICAV I - Indian Equity Fund A Acc USD,ALL_CONFLICTS,20,EQUITY,EMERGING_MARKETS_EQUITY,EMERGING,UNKNOWN,LARGE,UNKNOWN,UNKNOWN,HIGH,False,0.97,0.45,,EQUITY_WITHOUT_STYLE_BOX,RV,RV India,100.0,0.0,0.0,0.0
LU0235308482,Alken Fund - European Opportunities Class R,ALL_CONFLICTS,20,EQUITY,EUROPE_EQUITY,EUROPE,UNKNOWN,MID,UNKNOWN,UNKNOWN,HIGH,False,0.97,0.45,,EQUITY_WITHOUT_STYLE_BOX,RV,RV Europa Cap. Mediana,100.0,0.0,0.0,0.0
LU0236738190,Schroder International Selection Fund Japanese Equity B Accumulation EUR Hedged,ALL_CONFLICTS,20,EQUITY,GLOBAL_EQUITY,GLOBAL,UNKNOWN,LARGE,UNKNOWN,UNKNOWN,HIGH,False,0.97,0.45,,EQUITY_WITHOUT_STYLE_BOX,RV,RV Sector Otros,100.0,0.0,0.0,0.0
LU0248172537,Schroder International Selection Fund Emerging Asia A Accumulation EUR,ALL_CONFLICTS,20,EQUITY,GLOBAL_EQUITY,GLOBAL,UNKNOWN,LARGE,UNKNOWN,UNKNOWN,HIGH,False,0.97,0.45,,EQUITY_WITHOUT_STYLE_BOX,RV,RV Asia (ex-Japón),100.0,0.0,0.0,0.0
LU0248173006,Schroder International Selection Fund Emerging Asia B Accumulation EUR,ALL_CONFLICTS,20,EQUITY,GLOBAL_EQUITY,GLOBAL,UNKNOWN,LARGE,UNKNOWN,UNKNOWN,HIGH,False,0.97,0.45,,EQUITY_WITHOUT_STYLE_BOX,RV,RV Asia (ex-Japón),100.0,0.0,0.0,0.0
LU0248174152,Schroder International Selection Fund Emerging Asia A1 Accumulation EUR,ALL_CONFLICTS,20,EQUITY,GLOBAL_EQUITY,GLOBAL,UNKNOWN,LARGE,UNKNOWN,UNKNOWN,HIGH,False,0.97,0.45,,EQUITY_WITHOUT_STYLE_BOX,RV,RV Asia (ex-Japón),100.0,0.0,0.0,0.0
LU0248181363,Schroder International Selection Fund Latin American A Accumulation EUR,ALL_CONFLICTS,20,EQUITY,GLOBAL_EQUITY,GLOBAL,UNKNOWN,LARGE,UNKNOWN,UNKNOWN,HIGH,False,0.97,0.45,,EQUITY_WITHOUT_STYLE_BOX,RV,RV Latinoamérica,100.0,0.0,0.0,0.0
LU0248183815,Schroder International Selection Fund Latin American B Accumulation EUR,ALL_CONFLICTS,20,EQUITY,GLOBAL_EQUITY,GLOBAL,UNKNOWN,LARGE,UNKNOWN,UNKNOWN,HIGH,False,0.97,0.45,,EQUITY_WITHOUT_STYLE_BOX,RV,RV Latinoamérica,100.0,0.0,0.0,0.0
LU0248183906,Schroder International Selection Fund Asian Opportunities B Accumulation EUR,ALL_CONFLICTS,20,EQUITY,GLOBAL_EQUITY,GLOBAL,UNKNOWN,LARGE,UNKNOWN,UNKNOWN,HIGH,False,0.97,0.45,,EQUITY_WITHOUT_STYLE_BOX,RV,RV Asia (ex-Japón),100.0,0.0,0.0,0.0
LU0248184383,Schroder International Selection Fund Latin American A1 Accumulation EUR,ALL_CONFLICTS,20,EQUITY,GLOBAL_EQUITY,GLOBAL,UNKNOWN,LARGE,UNKNOWN,UNKNOWN,HIGH,False,0.97,0.45,,EQUITY_WITHOUT_STYLE_BOX,RV,RV Latinoamérica,100.0,0.0,0.0,0.0
LU0248184466,Schroder International Selection Fund Asian Opportunities A Accumulation EUR,ALL_CONFLICTS,20,EQUITY,GLOBAL_EQUITY,GLOBAL,UNKNOWN,LARGE,UNKNOWN,UNKNOWN,HIGH,False,0.97,0.45,,EQUITY_WITHOUT_STYLE_BOX,RV,RV Asia (ex-Japón),100.0,0.0,0.0,0.0
LU0251807987,BNP Paribas Funds Japan Small Cap Classic EUR Capitalisation,ALL_CONFLICTS,20,EQUITY,JAPAN_EQUITY,JAPAN,UNKNOWN,SMALL,UNKNOWN,UNKNOWN,HIGH,False,0.97,0.45,,EQUITY_WITHOUT_STYLE_BOX,RV,RV Japón Cap. Med/Peq,100.0,0.0,0.0,0.0
LU0251853072,AB SICAV I-International Health Care Portfolio Class A EUR Acc,ALL_CONFLICTS,20,EQUITY,SECTOR_EQUITY_HEALTHCARE,GLOBAL,UNKNOWN,LARGE,UNKNOWN,UNKNOWN,HIGH,False,0.97,0.45,,EQUITY_WITHOUT_STYLE_BOX,RV,RV Sector Salud,100.0,0.0,0.0,0.0
LU0261948227,Fidelity Funds - Germany Fund A-Acc-EUR,ALL_CONFLICTS,20,EQUITY,EUROZONE_EQUITY,EUROZONE,UNKNOWN,LARGE,UNKNOWN,UNKNOWN,HIGH,False,0.95,0.45,,EQUITY_WITHOUT_STYLE_BOX,RV,RV Alemania Cap. Grande,100.0,0.0,0.0,0.0
LU0261952682,Fidelity Funds - Euro 50 Index Fund A-Acc-EUR,ALL_CONFLICTS,20,EQUITY,EUROZONE_EQUITY,EUROZONE,UNKNOWN,LARGE,UNKNOWN,UNKNOWN,HIGH,False,0.97,0.45,,EQUITY_WITHOUT_STYLE_BOX,RV,RV Zona Euro Cap. Grande,100.0,0.0,0.0,0.0
LU0267984697,Invesco Funds - Invesco India Equity Fund E Accumulation EUR,ALL_CONFLICTS,20,EQUITY,EMERGING_MARKETS_EQUITY,EMERGING,UNKNOWN,LARGE,UNKNOWN,UNKNOWN,HIGH,False,0.97,0.45,,EQUITY_WITHOUT_STYLE_BOX,RV,RV India,100.0,0.0,0.0,0.0
LU0270905242,Pictet-Security R EUR,ALL_CONFLICTS,20,EQUITY,GLOBAL_EQUITY,GLOBAL,UNKNOWN,MID,UNKNOWN,UNKNOWN,HIGH,False,0.97,0.45,,EQUITY_WITHOUT_STYLE_BOX,RV,RV Global Cap. Med/Peq,100.0,0.0,0.0,0.0
LU0279459456,Schroder International Selection Fund Global Emerging Market Opportunities A Accumulation EUR,ALL_CONFLICTS,20,EQUITY,GLOBAL_EQUITY,GLOBAL,UNKNOWN,LARGE,UNKNOWN,UNKNOWN,HIGH,False,0.97,0.45,,EQUITY_WITHOUT_STYLE_BOX,RV,RV Global Emergente,100.0,0.0,0.0,0.0
LU0279460892,Schroder International Selection Fund Global Smaller Companies A1 Accumulation,ALL_CONFLICTS,20,EQUITY,GLOBAL_SMALL_CAP_EQUITY,GLOBAL,UNKNOWN,SMALL,UNKNOWN,UNKNOWN,HIGH,False,0.97,0.45,,EQUITY_WITHOUT_STYLE_BOX,Otros,Global Small-Cap Equity,100.0,0.0,0.0,0.0
LU0282719219,CT (Lux) - Pan European Small Cap Opportunities Class AE (EUR Accumulation Shares),ALL_CONFLICTS,20,EQUITY,EUROPE_EQUITY,EUROPE,UNKNOWN,MID,UNKNOWN,UNKNOWN,HIGH,False,0.97,0.45,,EQUITY_WITHOUT_STYLE_BOX,RV,RV Europa Cap. Pequeña,100.0,0.0,0.0,0.0
LU0300507208,Generali Investments SICAV - Euro Future Leaders EX,ALL_CONFLICTS,20,EQUITY,EUROZONE_EQUITY,EUROZONE,UNKNOWN,MID,UNKNOWN,UNKNOWN,HIGH,False,0.97,0.45,,EQUITY_WITHOUT_STYLE_BOX,Otros,Eurozone Mid-Cap Equity,100.0,0.0,0.0,0.0
LU0302445910,Schroder International Selection Fund Global Climate Change Equity A Accumulation,ALL_CONFLICTS,20,EQUITY,THEMATIC_EQUITY,GLOBAL,UNKNOWN,LARGE,UNKNOWN,UNKNOWN,HIGH,False,0.97,0.45,,EQUITY_WITHOUT_STYLE_BOX,RV,RV Sector Ecología,100.0,0.0,0.0,0.0
LU0302446645,Schroder International Selection Fund Global Climate Change Equity A Accumulation,ALL_CONFLICTS,20,EQUITY,THEMATIC_EQUITY,GLOBAL,UNKNOWN,LARGE,UNKNOWN,UNKNOWN,HIGH,False,0.97,0.45,,EQUITY_WITHOUT_STYLE_BOX,RV,RV Sector Ecología,100.0,0.0,0.0,0.0
LU0302446991,Schroder International Selection Fund Global Climate Change Equity B Accumulation,ALL_CONFLICTS,20,EQUITY,THEMATIC_EQUITY,GLOBAL,UNKNOWN,LARGE,UNKNOWN,UNKNOWN,HIGH,False,0.97,0.45,,EQUITY_WITHOUT_STYLE_BOX,RV,RV Sector Ecología,100.0,0.0,0.0,0.0
LU0309468980,Nordea 1 - Latin American Equity Fund E EUR,ALL_CONFLICTS,20,EQUITY,US_EQUITY,US,UNKNOWN,LARGE,UNKNOWN,UNKNOWN,HIGH,False,0.97,0.45,,EQUITY_WITHOUT_STYLE_BOX,RV,RV Latinoamérica,100.0,0.0,0.0,0.0
LU0313923228,BlackRock Strategic Funds - European Opportunities Extension Fund A2 EUR,ALL_CONFLICTS,20,EQUITY,EUROPE_EQUITY,EUROPE,UNKNOWN,LARGE,UNKNOWN,UNKNOWN,HIGH,False,0.97,0.45,,EQUITY_WITHOUT_STYLE_BOX,RV,RV Europa Cap. Mediana,100.0,0.0,0.0,0.0
LU0318931192,Fidelity Funds - China Focus Fund A-Acc-EUR,ALL_CONFLICTS,20,EQUITY,EMERGING_MARKETS_EQUITY,EMERGING,UNKNOWN,LARGE,UNKNOWN,UNKNOWN,HIGH,False,0.97,0.45,,EQUITY_WITHOUT_STYLE_BOX,RV,RV China,100.0,0.0,0.0,0.0
LU0320896664,Robeco BP US Premium Equities DH €,ALL_CONFLICTS,20,EQUITY,US_EQUITY,US,UNKNOWN,LARGE,UNKNOWN,UNKNOWN,HIGH,False,0.97,0.45,,EQUITY_WITHOUT_STYLE_BOX,RV,RV Sector Otros,100.0,0.0,0.0,0.0
LU0323041763,Digital Funds Stars Europe R,ALL_CONFLICTS,20,EQUITY,SECTOR_EQUITY_TECH,EUROPE,UNKNOWN,MID,UNKNOWN,UNKNOWN,HIGH,False,0.97,0.45,,EQUITY_WITHOUT_STYLE_BOX,RV,RV Europa Cap. Mediana,100.0,0.0,0.0,0.0
LU0329070915,Jupiter India Select Class L EUR Acc,ALL_CONFLICTS,20,EQUITY,EMERGING_MARKETS_EQUITY,EMERGING,UNKNOWN,LARGE,UNKNOWN,UNKNOWN,HIGH,False,0.97,0.45,,EQUITY_WITHOUT_STYLE_BOX,RV,RV India,100.0,0.0,0.0,0.0
LU0329355670,Robeco QI Emerging Markets Active Equities D €,ALL_CONFLICTS,20,EQUITY,GLOBAL_EQUITY,GLOBAL,UNKNOWN,LARGE,UNKNOWN,UNKNOWN,HIGH,False,0.97,0.45,,EQUITY_WITHOUT_STYLE_BOX,RV,RV Global Emergente,100.0,0.0,0.0,0.0
LU0329678410,Fidelity Funds - Emerging Asia Fund A-Acc-EUR,ALL_CONFLICTS,20,EQUITY,EMERGING_MARKETS_EQUITY,EMERGING,UNKNOWN,LARGE,UNKNOWN,UNKNOWN,HIGH,False,0.97,0.45,,EQUITY_WITHOUT_STYLE_BOX,RV,RV Asia (ex-Japón),100.0,0.0,0.0,0.0
LU0331286574,BlackRock Global Funds - Sustainable Energy Fund C2 (EUR),ALL_CONFLICTS,20,EQUITY,THEMATIC_EQUITY,GLOBAL,UNKNOWN,LARGE,UNKNOWN,UNKNOWN,HIGH,False,0.97,0.45,,EQUITY_WITHOUT_STYLE_BOX,Otros,RV Sector Energía Alternativa,100.0,0.0,0.0,0.0
LU0345361124,Fidelity Funds - Asia Pacific Opportunities Fund A-Acc-EUR,ALL_CONFLICTS,20,EQUITY,ASIA_PACIFIC_EQUITY,ASIA_DEV,UNKNOWN,LARGE,UNKNOWN,UNKNOWN,HIGH,False,0.97,0.45,,EQUITY_WITHOUT_STYLE_BOX,RV,RV Asia Pacífico (ex-Japón),100.0,0.0,0.0,0.0
LU0348926287,Nordea 1 - Global Climate and Environment Fund BP EUR,ALL_CONFLICTS,20,EQUITY,THEMATIC_EQUITY,GLOBAL,UNKNOWN,MID,UNKNOWN,UNKNOWN,HIGH,False,0.97,0.45,,EQUITY_WITHOUT_STYLE_BOX,RV,RV Sector Ecología,100.0,0.0,0.0,0.0
LU0348927251,Nordea 1 - Global Climate and Environment Fund E EUR,ALL_CONFLICTS,20,EQUITY,THEMATIC_EQUITY,GLOBAL,UNKNOWN,LARGE,UNKNOWN,UNKNOWN,HIGH,False,0.97,0.45,,EQUITY_WITHOUT_STYLE_BOX,RV,RV Sector Ecología,100.0,0.0,0.0,0.0
LU0365089902,Jupiter India Select Class L USD A Inc,ALL_CONFLICTS,20,EQUITY,EMERGING_MARKETS_EQUITY,EMERGING,UNKNOWN,LARGE,UNKNOWN,UNKNOWN,HIGH,False,0.97,0.45,,EQUITY_WITHOUT_STYLE_BOX,RV,RV India,100.0,0.0,0.0,0.0
LU0365775922,Schroder International Selection Fund Greater China A Accumulation EUR,ALL_CONFLICTS,20,EQUITY,GLOBAL_EQUITY,GLOBAL,UNKNOWN,LARGE,UNKNOWN,UNKNOWN,HIGH,False,0.97,0.45,,EQUITY_WITHOUT_STYLE_BOX,RV,RV Gran China,100.0,0.0,0.0,0.0
LU0368678339,Fidelity Funds - Pacific Fund A-Acc-EUR,ALL_CONFLICTS,20,EQUITY,ASIA_PACIFIC_EQUITY,ASIA_DEV,UNKNOWN,SMALL,UNKNOWN,UNKNOWN,HIGH,False,0.97,0.45,,EQUITY_WITHOUT_STYLE_BOX,RV,RV Asia Pacífico (incl. Japón),100.0,0.0,0.0,0.0
LU0384381660,Morgan Stanley Investment Funds - QuantActive Global Infrastructure Fund A,ALL_CONFLICTS,20,EQUITY,GLOBAL_EQUITY,GLOBAL,UNKNOWN,MID,UNKNOWN,UNKNOWN,HIGH,False,0.97,0.45,,EQUITY_WITHOUT_STYLE_BOX,Otros,Morningstar Global Equity Infrastructure,100.0,0.0,0.0,0.0
LU0391944815,Pictet-Global Megatrend Selection R EUR,ALL_CONFLICTS,20,EQUITY,GLOBAL_EQUITY,GLOBAL,UNKNOWN,LARGE,UNKNOWN,UNKNOWN,HIGH,False,0.97,0.45,,EQUITY_WITHOUT_STYLE_BOX,RV,RV Global Cap. Med/Peq,100.0,0.0,0.0,0.0
LU0399356780,DWS Invest Latin American Equities LC,ALL_CONFLICTS,20,EQUITY,US_EQUITY,US,UNKNOWN,LARGE,UNKNOWN,UNKNOWN,HIGH,False,0.97,0.45,,EQUITY_WITHOUT_STYLE_BOX,RV,RV Latinoamérica,100.0,0.0,0.0,0.0
LU0415391431,Bellevue Funds (Lux) - Bellevue Medtech & Services B EUR,ALL_CONFLICTS,20,EQUITY,SECTOR_EQUITY_HEALTHCARE,US,UNKNOWN,LARGE,UNKNOWN,UNKNOWN,HIGH,False,0.95,0.45,,EQUITY_WITHOUT_STYLE_BOX,RV,RV Sector Salud,100.0,0.0,0.0,0.0
LU0469270010,AB - Asia Ex-Japan Equity Portfolio C EUR Acc,ALL_CONFLICTS,20,EQUITY,ASIA_PACIFIC_EQUITY,ASIA_DEV,UNKNOWN,LARGE,UNKNOWN,UNKNOWN,HIGH,False,0.97,0.45,,EQUITY_WITHOUT_STYLE_BOX,RV,RV Asia (ex-Japón),100.0,0.0,0.0,0.0
LU0491217419,Robeco Indian Equities D €,ALL_CONFLICTS,20,EQUITY,EMERGING_MARKETS_EQUITY,EMERGING,UNKNOWN,LARGE,UNKNOWN,UNKNOWN,HIGH,False,0.97,0.45,,EQUITY_WITHOUT_STYLE_BOX,RV,RV India,100.0,0.0,0.0,0.0
LU0503631714,Pictet - Global Environmental Opportunities P EUR,ALL_CONFLICTS,20,EQUITY,THEMATIC_EQUITY,GLOBAL,UNKNOWN,LARGE,UNKNOWN,UNKNOWN,HIGH,False,0.97,0.45,,EQUITY_WITHOUT_STYLE_BOX,RV,RV Sector Ecología,100.0,0.0,0.0,0.0
LU0522352516,JPMorgan Funds - India Fund D (acc) - EUR,ALL_CONFLICTS,20,EQUITY,EMERGING_MARKETS_EQUITY,EMERGING,UNKNOWN,LARGE,UNKNOWN,UNKNOWN,HIGH,False,0.97,0.45,,EQUITY_WITHOUT_STYLE_BOX,RV,RV India,100.0,0.0,0.0,0.0
LU0524465548,Alken Fund - Small Cap Europe Class A,ALL_CONFLICTS,20,EQUITY,EUROPE_EQUITY,EUROPE,UNKNOWN,MID,UNKNOWN,UNKNOWN,HIGH,False,0.97,0.45,,EQUITY_WITHOUT_STYLE_BOX,RV,RV Europa Cap. Pequeña,100.0,0.0,0.0,0.0
LU0524465977,Alken Fund - European Opportunities Class A,ALL_CONFLICTS,20,EQUITY,EUROPE_EQUITY,EUROPE,UNKNOWN,MID,UNKNOWN,UNKNOWN,HIGH,False,0.97,0.45,,EQUITY_WITHOUT_STYLE_BOX,RV,RV Europa Cap. Mediana,100.0,0.0,0.0,0.0
LU0552029406,Amundi Funds - Latin America Equity A EUR (C),ALL_CONFLICTS,20,EQUITY,EMERGING_MARKETS_EQUITY,EMERGING,UNKNOWN,LARGE,UNKNOWN,UNKNOWN,HIGH,False,0.97,0.45,,EQUITY_WITHOUT_STYLE_BOX,RV,RV Latinoamérica,100.0,0.0,0.0,0.0
LU0552029661,Amundi Funds - Latin America Equity G EUR (C),ALL_CONFLICTS,20,EQUITY,EMERGING_MARKETS_EQUITY,EMERGING,UNKNOWN,LARGE,UNKNOWN,UNKNOWN,HIGH,False,0.97,0.45,,EQUITY_WITHOUT_STYLE_BOX,RV,RV Latinoamérica,100.0,0.0,0.0,0.0
LU0563745743,Bestinver Tordesillas SICAV Iberia A,ALL_CONFLICTS,20,EQUITY,EUROZONE_EQUITY,EUROZONE,UNKNOWN,MID,UNKNOWN,UNKNOWN,HIGH,False,0.95,0.45,,EQUITY_WITHOUT_STYLE_BOX,RV,RV España,100.0,0.0,0.0,0.0
LU0568583420,Amundi Funds - Equity Japan Target A EUR (C),ALL_CONFLICTS,20,EQUITY,JAPAN_EQUITY,JAPAN,UNKNOWN,MID,UNKNOWN,UNKNOWN,HIGH,False,0.97,0.45,,EQUITY_WITHOUT_STYLE_BOX,RV,RV Japón Cap. Med/Peq,100.0,0.0,0.0,0.0
LU0568620560,Amundi Funds - Cash EUR A2 EUR (C),ALL_CONFLICTS,20,MONETARY,UNKNOWN,UNKNOWN,UNKNOWN,UNKNOWN,UNKNOWN,UNKNOWN,LOW,True,0.95,0.45,,MISSING_REGION_PRIMARY | UNKNOWN_SUBTYPE,Otros,Mercado Monetario Estable EUR,0.0,0.0,100.0,0.0
LU0568620727,Amundi Funds - Cash EUR G2 EUR (C),ALL_CONFLICTS,20,MONETARY,UNKNOWN,UNKNOWN,UNKNOWN,UNKNOWN,UNKNOWN,UNKNOWN,LOW,True,0.95,0.45,,MISSING_REGION_PRIMARY | UNKNOWN_SUBTYPE,Otros,Mercado Monetario Estable EUR,0.0,0.0,100.0,0.0
LU0570870567,CT (Lux) - Global Smaller Companies AE (EUR Accumulation Shares),ALL_CONFLICTS,20,EQUITY,GLOBAL_SMALL_CAP_EQUITY,GLOBAL,UNKNOWN,SMALL,UNKNOWN,UNKNOWN,HIGH,False,0.97,0.45,,EQUITY_WITHOUT_STYLE_BOX,Otros,Global Small-Cap Equity,100.0,0.0,0.0,0.0
LU0594300096,Fidelity Funds - China Consumer Fund A-Acc-EUR,ALL_CONFLICTS,20,EQUITY,EMERGING_MARKETS_EQUITY,EMERGING,UNKNOWN,LARGE,UNKNOWN,UNKNOWN,HIGH,False,0.97,0.45,,EQUITY_WITHOUT_STYLE_BOX,RV,RV China,100.0,0.0,0.0,0.0
LU0602539867,Nordea 1 - Emerging Sustainable Stars Equity Fund BP EUR,ALL_CONFLICTS,20,EQUITY,GLOBAL_EQUITY,GLOBAL,UNKNOWN,LARGE,UNKNOWN,UNKNOWN,HIGH,False,0.97,0.45,,EQUITY_WITHOUT_STYLE_BOX,RV,RV Global Emergente,100.0,0.0,0.0,0.0
LU0607512935,Invesco Funds - Invesco Developed Small and Mid-Cap Equity Fund E Accumulation,ALL_CONFLICTS,20,EQUITY,GLOBAL_EQUITY,GLOBAL,UNKNOWN,SMALL,UNKNOWN,UNKNOWN,HIGH,False,0.97,0.45,,EQUITY_WITHOUT_STYLE_BOX,Otros,Global Small-Cap Equity,100.0,0.0,0.0,0.0
LU0616856935,DWS Invest Brazilian Equities LC,ALL_CONFLICTS,20,EQUITY,EMERGING_MARKETS_EQUITY,EMERGING,UNKNOWN,LARGE,UNKNOWN,UNKNOWN,HIGH,False,0.97,0.45,,EQUITY_WITHOUT_STYLE_BOX,RV,RV Brasil,100.0,0.0,0.0,0.0
LU0616857313,DWS Invest Brazilian Equities NC,ALL_CONFLICTS,20,EQUITY,EMERGING_MARKETS_EQUITY,EMERGING,UNKNOWN,LARGE,UNKNOWN,UNKNOWN,HIGH,False,0.97,0.45,,EQUITY_WITHOUT_STYLE_BOX,RV,RV Brasil,100.0,0.0,0.0,0.0
LU0630951415,Fidelity Funds - Emerging Asia Fund E-Acc-EUR,ALL_CONFLICTS,20,EQUITY,EMERGING_MARKETS_EQUITY,EMERGING,UNKNOWN,LARGE,UNKNOWN,UNKNOWN,HIGH,False,0.97,0.45,,EQUITY_WITHOUT_STYLE_BOX,RV,RV Asia (ex-Japón),100.0,0.0,0.0,0.0
LU0631859229,Bellevue Funds (Lux) - Bellevue Entrepreneur Europe Small B EUR,ALL_CONFLICTS,20,EQUITY,EUROPE_EQUITY,EUROPE,UNKNOWN,MID,UNKNOWN,UNKNOWN,HIGH,False,0.97,0.45,,EQUITY_WITHOUT_STYLE_BOX,RV,RV Europa ex-RU Cap. Med/Peq,100.0,0.0,0.0,0.0
LU0637335638,Nordea 1 - Indian Equity Fund BP EUR,ALL_CONFLICTS,20,EQUITY,EMERGING_MARKETS_EQUITY,EMERGING,UNKNOWN,LARGE,UNKNOWN,UNKNOWN,HIGH,False,0.97,0.45,,EQUITY_WITHOUT_STYLE_BOX,RV,RV India,100.0,0.0,0.0,0.0
LU0702159772,Fidelity Funds - Asian Smaller Companies Fund A-Acc-EUR,ALL_CONFLICTS,20,EQUITY,ASIA_PACIFIC_EQUITY,ASIA_DEV,UNKNOWN,LARGE,UNKNOWN,UNKNOWN,HIGH,False,0.97,0.45,,EQUITY_WITHOUT_STYLE_BOX,Otros,Asia ex-Japan Small/Mid-Cap Equity,100.0,0.0,0.0,0.0
LU0704154706,RAM (Lux) Systematic Funds - Emerging Markets Equities O EUR,ALL_CONFLICTS,20,EQUITY,GLOBAL_EQUITY,GLOBAL,UNKNOWN,LARGE,UNKNOWN,UNKNOWN,HIGH,False,0.97,0.45,,EQUITY_WITHOUT_STYLE_BOX,RV,RV Global Emergente,100.0,0.0,0.0,0.0
LU0766123821,Fidelity Funds - China Focus Fund E-Acc-EUR,ALL_CONFLICTS,20,EQUITY,EMERGING_MARKETS_EQUITY,EMERGING,UNKNOWN,LARGE,UNKNOWN,UNKNOWN,HIGH,False,0.97,0.45,,EQUITY_WITHOUT_STYLE_BOX,RV,RV China,100.0,0.0,0.0,0.0
LU0769137737,BlackRock Global Funds - Continental European Flexible Fund Class A2 (USD),ALL_CONFLICTS,20,EQUITY,GLOBAL_EQUITY,GLOBAL,UNKNOWN,LARGE,UNKNOWN,UNKNOWN,HIGH,False,0.97,0.45,,EQUITY_WITHOUT_STYLE_BOX,RV,RV Europa ex-RU Cap. Grande,100.0,0.0,0.0,0.0
LU0778324086,Fidelity Funds - Asian Special Situations Fund E-Acc-EUR,ALL_CONFLICTS,20,EQUITY,ASIA_PACIFIC_EQUITY,ASIA_DEV,UNKNOWN,LARGE,UNKNOWN,UNKNOWN,HIGH,False,0.97,0.45,,EQUITY_WITHOUT_STYLE_BOX,RV,RV Asia (ex-Japón),100.0,0.0,0.0,0.0
LU0813337002,DWS Invest Latin American Equities NC,ALL_CONFLICTS,20,EQUITY,US_EQUITY,US,UNKNOWN,LARGE,UNKNOWN,UNKNOWN,HIGH,False,0.97,0.45,,EQUITY_WITHOUT_STYLE_BOX,RV,RV Latinoamérica,100.0,0.0,0.0,0.0
LU0815263628,Morgan Stanley Investment Funds - Emerging Leaders Equity Fund A,ALL_CONFLICTS,20,EQUITY,GLOBAL_EQUITY,GLOBAL,UNKNOWN,LARGE,UNKNOWN,UNKNOWN,HIGH,False,0.97,0.45,,EQUITY_WITHOUT_STYLE_BOX,RV,RV Global Emergente,100.0,0.0,0.0,0.0
LU0823411706,BNP Paribas Funds Consumer InnovatorsClassic Capitalisation,ALL_CONFLICTS,20,EQUITY,US_EQUITY,US,UNKNOWN,LARGE,UNKNOWN,UNKNOWN,HIGH,False,0.95,0.45,,EQUITY_WITHOUT_STYLE_BOX,RV,RV Sector Consumo,100.0,0.0,0.0,0.0
LU0823421689,BNP Paribas Funds Disruptive Technology Classic Capitalisation,ALL_CONFLICTS,20,EQUITY,SECTOR_EQUITY_TECH,US,UNKNOWN,LARGE,UNKNOWN,UNKNOWN,HIGH,False,0.95,0.45,,EQUITY_WITHOUT_STYLE_BOX,RV,RV Sector Tecnología,100.0,0.0,0.0,0.0
LU0835722488,RAM (Lux) Systematic Funds - Emerging Markets Equities OP EUR,ALL_CONFLICTS,20,EQUITY,GLOBAL_EQUITY,GLOBAL,UNKNOWN,LARGE,UNKNOWN,UNKNOWN,HIGH,False,0.97,0.45,,EQUITY_WITHOUT_STYLE_BOX,RV,RV Global Emergente,100.0,0.0,0.0,0.0
LU0861897477,Abante Global Funds Spanish Opportunities Class B,ALL_CONFLICTS,20,EQUITY,GLOBAL_EQUITY,GLOBAL,UNKNOWN,MID,UNKNOWN,UNKNOWN,HIGH,False,0.97,0.45,,EQUITY_WITHOUT_STYLE_BOX,RV,RV España,100.0,0.0,0.0,0.0
LU0918140210,T. Rowe Price Funds SICAV - US Smaller Companies Equity Fund A (EUR),ALL_CONFLICTS,20,EQUITY,US_EQUITY,US,UNKNOWN,SMALL,UNKNOWN,UNKNOWN,HIGH,False,0.97,0.45,,EQUITY_WITHOUT_STYLE_BOX,RV,RV USA Cap. Pequeña,100.0,0.0,0.0,0.0
LU0922333322,Fidelity Funds - Italy Fund A-Acc-EUR,ALL_CONFLICTS,20,EQUITY,EUROZONE_EQUITY,EUROZONE,UNKNOWN,LARGE,UNKNOWN,UNKNOWN,HIGH,False,0.95,0.45,,EQUITY_WITHOUT_STYLE_BOX,RV,RV Italia,100.0,0.0,0.0,0.0
LU0995386439,EDM Inversion/Spanish Equity R EUR,ALL_CONFLICTS,20,EQUITY,EUROZONE_EQUITY,EUROZONE,UNKNOWN,MID,UNKNOWN,UNKNOWN,HIGH,False,0.95,0.45,,EQUITY_WITHOUT_STYLE_BOX,RV,RV España,100.0,0.0,0.0,0.0
LU1066281574,SIH FCP - Equity Spain A Classic,ALL_CONFLICTS,20,EQUITY,EUROZONE_EQUITY,EUROZONE,UNKNOWN,MID,UNKNOWN,UNKNOWN,HIGH,False,0.95,0.45,,EQUITY_WITHOUT_STYLE_BOX,RV,RV España,100.0,0.0,0.0,0.0
LU1103307408,Goldman Sachs Absolute Return Tracker Portfolio Other Currency Acc EUR-Hedged,ALL_CONFLICTS,20,ALTERNATIVE,UNKNOWN,UNKNOWN,UNKNOWN,UNKNOWN,UNKNOWN,UNKNOWN,HIGH,False,0.95,0.45,,MISSING_REGION_PRIMARY | UNKNOWN_SUBTYPE,Otros,Alt - Multistrategy,0.0,0.0,0.0,100.0
LU1120766388,Candriam Equities L Biotechnology Class C EUR Cap,ALL_CONFLICTS,20,EQUITY,SECTOR_EQUITY_TECH,US,UNKNOWN,SMALL,UNKNOWN,UNKNOWN,HIGH,False,0.95,0.45,,EQUITY_WITHOUT_STYLE_BOX,RV,RV Sector Biotecnología,100.0,0.0,0.0,0.0
LU1206943596,Fidelity Active Strategy - FAST - Emerging Markets Fund A-ACC-EUR,ALL_CONFLICTS,20,EQUITY,GLOBAL_EQUITY,GLOBAL,UNKNOWN,LARGE,UNKNOWN,UNKNOWN,HIGH,False,0.97,0.45,,EQUITY_WITHOUT_STYLE_BOX,RV,RV Global Emergente,100.0,0.0,0.0,0.0
LU1213836080,Fidelity Funds - Global Technology Fund A-Acc-EUR,ALL_CONFLICTS,20,EQUITY,SECTOR_EQUITY_TECH,GLOBAL,UNKNOWN,LARGE,UNKNOWN,UNKNOWN,HIGH,False,0.97,0.45,,EQUITY_WITHOUT_STYLE_BOX,RV,RV Sector Tecnología,100.0,0.0,0.0,0.0
LU1279334483,Pictet - Robotics R EUR,ALL_CONFLICTS,20,EQUITY,SECTOR_EQUITY_TECH,US,UNKNOWN,LARGE,UNKNOWN,UNKNOWN,HIGH,False,0.95,0.45,,EQUITY_WITHOUT_STYLE_BOX,RV,RV Sector Tecnología,100.0,0.0,0.0,0.0
LU1301026388,Sycomore Fund SICAV - Sycomore Europe Happy@Work RC EUR,ALL_CONFLICTS,20,EQUITY,EUROZONE_EQUITY,EUROZONE,UNKNOWN,LARGE,UNKNOWN,UNKNOWN,HIGH,False,0.97,0.45,,EQUITY_WITHOUT_STYLE_BOX,RV,RV Zona Euro Cap. Mediana,100.0,0.0,0.0,0.0
LU1321847805,BlackRock Strategic Funds - Emerging Markets Equity Strategies Fund E2 EUR,ALL_CONFLICTS,20,EQUITY,GLOBAL_EQUITY,GLOBAL,UNKNOWN,LARGE,UNKNOWN,UNKNOWN,HIGH,False,0.97,0.45,,EQUITY_WITHOUT_STYLE_BOX,RV,RV Global Emergente,100.0,0.0,0.0,0.0
LU1372006947,Cobas LUX SICAV - Cobas Selection Fund Class P Acc EUR,ALL_CONFLICTS,20,EQUITY,GLOBAL_EQUITY,GLOBAL,UNKNOWN,SMALL,UNKNOWN,UNKNOWN,HIGH,False,0.97,0.45,,EQUITY_WITHOUT_STYLE_BOX,Otros,Global Small-Cap Equity,100.0,0.0,0.0,0.0
LU1373035234,BlackRock Strategic Funds - BSF Systematic Style Factor Fund E2 EUR Hedged,ALL_CONFLICTS,20,ALTERNATIVE,UNKNOWN,UNKNOWN,UNKNOWN,UNKNOWN,UNKNOWN,UNKNOWN,HIGH,False,0.95,0.45,,MISSING_REGION_PRIMARY | UNKNOWN_SUBTYPE,Otros,Alt - Multistrategy,0.0,0.0,0.0,100.0
LU1378878430,Morgan Stanley Investment Funds - Asia Opportunity Fund A,ALL_CONFLICTS,20,EQUITY,ASIA_PACIFIC_EQUITY,ASIA_DEV,UNKNOWN,LARGE,UNKNOWN,UNKNOWN,HIGH,False,0.97,0.45,,EQUITY_WITHOUT_STYLE_BOX,RV,RV Asia (ex-Japón),100.0,0.0,0.0,0.0
LU1391767586,Fidelity Funds - Global Financial Services Fund A-Acc-EUR,ALL_CONFLICTS,20,EQUITY,GLOBAL_EQUITY,GLOBAL,UNKNOWN,LARGE,UNKNOWN,UNKNOWN,HIGH,False,0.97,0.45,,EQUITY_WITHOUT_STYLE_BOX,RV,RV Sector Finanzas,100.0,0.0,0.0,0.0
LU1481179858,Capital Group New World Fund (LUX) B (EUR),ALL_CONFLICTS,20,EQUITY,GLOBAL_EQUITY,GLOBAL,UNKNOWN,LARGE,UNKNOWN,UNKNOWN,HIGH,False,0.97,0.45,,EQUITY_WITHOUT_STYLE_BOX,RV,RV Global Emergente,100.0,0.0,0.0,0.0
LU1548497699,Allianz Global Investors Fund - Allianz Global Artificial Intelligence AT EUR,ALL_CONFLICTS,20,EQUITY,SECTOR_EQUITY_TECH,GLOBAL,UNKNOWN,LARGE,UNKNOWN,UNKNOWN,HIGH,False,0.97,0.45,,EQUITY_WITHOUT_STYLE_BOX,RV,RV Sector Tecnología,100.0,0.0,0.0,0.0
LU1665237704,M&G (Lux) Global Listed Infrastructure Fund EUR A Acc,ALL_CONFLICTS,20,EQUITY,GLOBAL_EQUITY,GLOBAL,UNKNOWN,MID,UNKNOWN,UNKNOWN,HIGH,False,0.97,0.45,,EQUITY_WITHOUT_STYLE_BOX,RV,RV Sector Infraestructura,100.0,0.0,0.0,0.0
LU1670618187,M&G (Lux) Asian Fund EUR A Acc,ALL_CONFLICTS,20,EQUITY,ASIA_PACIFIC_EQUITY,ASIA_DEV,UNKNOWN,LARGE,UNKNOWN,UNKNOWN,HIGH,False,0.97,0.45,,EQUITY_WITHOUT_STYLE_BOX,RV,RV Asia Pacífico (ex-Japón),100.0,0.0,0.0,0.0
LU1670618690,M&G (Lux) Global Emerging Markets Fund EUR A Acc,ALL_CONFLICTS,20,EQUITY,GLOBAL_EQUITY,GLOBAL,UNKNOWN,LARGE,UNKNOWN,UNKNOWN,HIGH,False,0.97,0.45,,EQUITY_WITHOUT_STYLE_BOX,RV,RV Global Emergente,100.0,0.0,0.0,0.0
LU1670626446,M&G (Lux) Japan Fund EUR A Acc,ALL_CONFLICTS,20,EQUITY,JAPAN_EQUITY,JAPAN,UNKNOWN,LARGE,UNKNOWN,UNKNOWN,HIGH,False,0.97,0.45,,EQUITY_WITHOUT_STYLE_BOX,RV,RV Japón Cap. Grande,100.0,0.0,0.0,0.0
LU1670715975,M&G (Lux) Japan Smaller Companies Fund EUR A Acc,ALL_CONFLICTS,20,EQUITY,JAPAN_EQUITY,JAPAN,UNKNOWN,MID,UNKNOWN,UNKNOWN,HIGH,False,0.97,0.45,,EQUITY_WITHOUT_STYLE_BOX,RV,RV Japón Cap. Med/Peq,100.0,0.0,0.0,0.0
LU1775950477,Invesco Funds - Invesco Asian Equity Fund E Accumulation EUR,ALL_CONFLICTS,20,EQUITY,ASIA_PACIFIC_EQUITY,ASIA_DEV,UNKNOWN,LARGE,UNKNOWN,UNKNOWN,HIGH,False,0.97,0.45,,EQUITY_WITHOUT_STYLE_BOX,RV,RV Asia (ex-Japón),100.0,0.0,0.0,0.0
LU1814994353,Azvalor Lux SICAV Altum Faith - Consistent Equity R,ALL_CONFLICTS,20,EQUITY,GLOBAL_EQUITY,GLOBAL,UNKNOWN,UNKNOWN,UNKNOWN,UNKNOWN,HIGH,False,0.97,0.45,,EQUITY_WITHOUT_STYLE_BOX,RV,RV Global Cap. Med/Peq,100.0,0.0,0.0,0.0
LU1819480192,Echiquier Artificial Intelligence B EUR,ALL_CONFLICTS,20,EQUITY,SECTOR_EQUITY_TECH,US,UNKNOWN,LARGE,UNKNOWN,UNKNOWN,HIGH,False,0.95,0.45,,EQUITY_WITHOUT_STYLE_BOX,RV,RV Sector Tecnología,100.0,0.0,0.0,0.0
LU1829329819,CT (Lux) - Pan European Smaller Companies 1E (EUR Accumulation Shares),ALL_CONFLICTS,20,EQUITY,EUROPE_EQUITY,EUROPE,UNKNOWN,MID,UNKNOWN,UNKNOWN,HIGH,False,0.97,0.45,,EQUITY_WITHOUT_STYLE_BOX,Otros,Europe Mid-Cap Equity,100.0,0.0,0.0,0.0
LU1883318740,Amundi Funds - Global Equity Responsible A EUR (C),ALL_CONFLICTS,20,EQUITY,GLOBAL_EQUITY,GLOBAL,UNKNOWN,LARGE,UNKNOWN,UNKNOWN,HIGH,False,0.97,0.45,,EQUITY_WITHOUT_STYLE_BOX,RV,RV Sector Ecología,100.0,0.0,0.0,0.0
LU1883319474,Amundi Funds - Global Equity Responsible C EUR (C),ALL_CONFLICTS,20,EQUITY,GLOBAL_EQUITY,GLOBAL,UNKNOWN,LARGE,UNKNOWN,UNKNOWN,HIGH,False,0.97,0.45,,EQUITY_WITHOUT_STYLE_BOX,RV,RV Sector Ecología,100.0,0.0,0.0,0.0
LU1917163617,BlackRock Global Funds - FinTech Fund E2,ALL_CONFLICTS,20,EQUITY,SECTOR_EQUITY_TECH,GLOBAL,UNKNOWN,MID,UNKNOWN,UNKNOWN,HIGH,False,0.97,0.45,,EQUITY_WITHOUT_STYLE_BOX,RV,RV Sector Tecnología,100.0,0.0,0.0,0.0
LU1951204046,Natixis International Funds (Lux) I - Thematics Meta Fund R/A (EUR),ALL_CONFLICTS,20,EQUITY,GLOBAL_EQUITY,GLOBAL,UNKNOWN,LARGE,UNKNOWN,UNKNOWN,HIGH,False,0.97,0.45,,EQUITY_WITHOUT_STYLE_BOX,RV,RV Global Cap. Med/Peq,100.0,0.0,0.0,0.0
LU1983299162,Schroder International Selection Fund Global Alternative Energy A Accumulation,ALL_CONFLICTS,20,EQUITY,GLOBAL_EQUITY,GLOBAL,UNKNOWN,MID,UNKNOWN,UNKNOWN,HIGH,False,0.97,0.45,,EQUITY_WITHOUT_STYLE_BOX,Otros,RV Sector Energía Alternativa,100.0,0.0,0.0,0.0
LU2016064201,Schroder International Selection Fund Global Alternative Energy A Accumulation EUR Hedged,ALL_CONFLICTS,20,EQUITY,GLOBAL_EQUITY,GLOBAL,UNKNOWN,MID,UNKNOWN,UNKNOWN,HIGH,False,0.97,0.45,,EQUITY_WITHOUT_STYLE_BOX,Otros,RV Sector Otros,100.0,0.0,0.0,0.0
LU2050860480,Fidelity Funds - UK Special Situations Fund A-ACC-EUR,ALL_CONFLICTS,20,EQUITY,EUROPE_EQUITY,EUROPE,UNKNOWN,SMALL,UNKNOWN,UNKNOWN,HIGH,False,0.95,0.45,,EQUITY_WITHOUT_STYLE_BOX,RV,RV RU Cap. Mediana,100.0,0.0,0.0,0.0
LU2092176515,BlueBox Funds - BlueBox Global Technology Fund Class C EUR Acc,ALL_CONFLICTS,20,EQUITY,SECTOR_EQUITY_TECH,GLOBAL,UNKNOWN,LARGE,UNKNOWN,UNKNOWN,HIGH,False,0.97,0.45,,EQUITY_WITHOUT_STYLE_BOX,RV,RV Sector Tecnología,100.0,0.0,0.0,0.0
LU2094235707,Goldman Sachs Global Future Technology Leaders Equity Portfolio Class E Shares EUR Acc,ALL_CONFLICTS,20,EQUITY,SECTOR_EQUITY_TECH,GLOBAL,UNKNOWN,LARGE,UNKNOWN,UNKNOWN,HIGH,False,0.97,0.45,,EQUITY_WITHOUT_STYLE_BOX,Otros,RV Sector Tecnología,100.0,0.0,0.0,0.0
LU2131365186,UBS (Lux) Equity Fund - China Opportunity (USD) P EUR acc,ALL_CONFLICTS,20,EQUITY,EMERGING_MARKETS_EQUITY,EMERGING,UNKNOWN,LARGE,UNKNOWN,UNKNOWN,HIGH,False,0.97,0.45,,EQUITY_WITHOUT_STYLE_BOX,RV,RV China,100.0,0.0,0.0,0.0
LU2133220793,Robeco Sustainable Asian Stars Equities DL EUR,ALL_CONFLICTS,20,EQUITY,ASIA_PACIFIC_EQUITY,ASIA_DEV,UNKNOWN,LARGE,UNKNOWN,UNKNOWN,HIGH,False,0.97,0.45,,EQUITY_WITHOUT_STYLE_BOX,RV,RV Asia (ex-Japón),100.0,0.0,0.0,0.0
LU2240056015,Lonvia Mid-Cap Europe Retail,ALL_CONFLICTS,20,EQUITY,EUROPE_EQUITY,EUROPE,UNKNOWN,SMALL,UNKNOWN,UNKNOWN,HIGH,False,0.97,0.45,,EQUITY_WITHOUT_STYLE_BOX,Otros,Europe Mid-Cap Equity,100.0,0.0,0.0,0.0
LU2240056445,Lonvia Mid-Cap Euro Retail,ALL_CONFLICTS,20,EQUITY,EUROZONE_EQUITY,EUROZONE,UNKNOWN,SMALL,UNKNOWN,UNKNOWN,HIGH,False,0.97,0.45,,EQUITY_WITHOUT_STYLE_BOX,Otros,Eurozone Mid-Cap Equity,100.0,0.0,0.0,0.0
LU2337806421,Morgan Stanley Investment Funds - Global Endurance Fund A EUR Acc,ALL_CONFLICTS,20,EQUITY,GLOBAL_EQUITY,GLOBAL,UNKNOWN,SMALL,UNKNOWN,UNKNOWN,HIGH,False,0.97,0.45,,EQUITY_WITHOUT_STYLE_BOX,Otros,Global Small-Cap Equity,100.0,0.0,0.0,0.0
LU2504555777,Fidelity Funds - Global Industrials Fund A-Acc-EUR,ALL_CONFLICTS,20,EQUITY,GLOBAL_EQUITY,GLOBAL,UNKNOWN,LARGE,UNKNOWN,UNKNOWN,HIGH,False,0.97,0.45,,EQUITY_WITHOUT_STYLE_BOX,RV,RV Sector Materiales Insustriales,100.0,0.0,0.0,0.0
FR0010794792,Candriam Diversified Futures Classique,ALL_CONFLICTS,15,ALTERNATIVE,UNKNOWN,US,UNKNOWN,UNKNOWN,UNKNOWN,UNKNOWN,HIGH,False,0.912,0.45,REGION_PRIMARY_BORDERLINE,UNKNOWN_SUBTYPE,Otros,Alt - Systematic Futures,0.0,0.0,0.0,100.0
IE00B53H0P79,PIMCO GIS Global Advantage Fund E Class EUR (Partially Hedged) Accumulation,ALL_CONFLICTS,15,FIXED_INCOME,UNKNOWN,GLOBAL,UNKNOWN,UNKNOWN,HIGH_QUALITY,MEDIUM,LOW,True,0.9324,0.45,FI_UNKNOWN_SUBTYPE,UNKNOWN_SUBTYPE,RF,RF Global,0.0,100.0,0.0,0.0
LU0090845842,BlackRock Global Funds - World Mining Fund E2,ALL_CONFLICTS,15,COMMODITIES,UNKNOWN,GLOBAL,UNKNOWN,UNKNOWN,UNKNOWN,UNKNOWN,HIGH,False,0.97,0.45,COMMODITIES_RECLASSIFIED_FROM_EQUITY,UNKNOWN_SUBTYPE,RV,RV Sector Recursos Naturales,0.0,0.0,0.0,100.0
LU0102219945,Goldman Sachs Europe CORE Equity Portfolio Base Inc EUR,ALL_CONFLICTS,15,COMMODITIES,UNKNOWN,EUROPE,UNKNOWN,UNKNOWN,UNKNOWN,UNKNOWN,HIGH,False,0.97,0.45,COMMODITIES_RECLASSIFIED_FROM_EQUITY,UNKNOWN_SUBTYPE,Otros,RV Europa Cap. Grande Blend,0.0,0.0,0.0,100.0
LU0121204431,Goldman Sachs Global Sustainable Equity - X Cap EUR,ALL_CONFLICTS,15,COMMODITIES,UNKNOWN,GLOBAL,UNKNOWN,UNKNOWN,UNKNOWN,UNKNOWN,HIGH,False,0.97,0.45,COMMODITIES_RECLASSIFIED_FROM_EQUITY,UNKNOWN_SUBTYPE,Otros,RV Global Cap. Grande Growth,0.0,0.0,0.0,100.0
LU0127786431,Goldman Sachs Eurozone Equity Income - P Cap EUR,ALL_CONFLICTS,15,COMMODITIES,UNKNOWN,EUROZONE,UNKNOWN,UNKNOWN,UNKNOWN,UNKNOWN,HIGH,False,0.97,0.45,COMMODITIES_RECLASSIFIED_FROM_EQUITY,UNKNOWN_SUBTYPE,Otros,RV Zona Euro Cap. Grande,0.0,0.0,0.0,100.0
LU0133264522,Goldman Sachs Global Equity Income Portfolio E Acc EUR,ALL_CONFLICTS,15,COMMODITIES,UNKNOWN,GLOBAL,UNKNOWN,UNKNOWN,UNKNOWN,UNKNOWN,HIGH,False,0.97,0.45,COMMODITIES_RECLASSIFIED_FROM_EQUITY,UNKNOWN_SUBTYPE,Otros,RV Global Alto Dividendo,0.0,0.0,0.0,100.0
LU0133267202,Goldman Sachs Emerging Markets Equity Portfolio E Acc EUR,ALL_CONFLICTS,15,COMMODITIES,UNKNOWN,GLOBAL,UNKNOWN,UNKNOWN,UNKNOWN,UNKNOWN,HIGH,False,0.97,0.45,COMMODITIES_RECLASSIFIED_FROM_EQUITY,UNKNOWN_SUBTYPE,Otros,RV Global Emergente,0.0,0.0,0.0,100.0
LU0172157280,BlackRock Global Funds - World Mining Fund A2 (EUR),ALL_CONFLICTS,15,COMMODITIES,UNKNOWN,GLOBAL,UNKNOWN,UNKNOWN,UNKNOWN,UNKNOWN,HIGH,False,0.97,0.45,COMMODITIES_RECLASSIFIED_FROM_EQUITY,UNKNOWN_SUBTYPE,RV,RV Sector Recursos Naturales,0.0,0.0,0.0,100.0
LU0172157363,BlackRock Global Funds - World Mining Fund E2 (EUR),ALL_CONFLICTS,15,COMMODITIES,UNKNOWN,GLOBAL,UNKNOWN,UNKNOWN,UNKNOWN,UNKNOWN,HIGH,False,0.97,0.45,COMMODITIES_RECLASSIFIED_FROM_EQUITY,UNKNOWN_SUBTYPE,RV,RV Sector Recursos Naturales,0.0,0.0,0.0,100.0
LU0208853944,JPMorgan Funds - Global Natural Resources Fund D (acc) - EUR,ALL_CONFLICTS,15,COMMODITIES,UNKNOWN,GLOBAL,UNKNOWN,UNKNOWN,UNKNOWN,UNKNOWN,HIGH,False,0.97,0.45,COMMODITIES_RECLASSIFIED_FROM_EQUITY,UNKNOWN_SUBTYPE,RV,RV Sector Recursos Naturales,0.0,0.0,0.0,100.0
LU0273148055,DWS Invest Gold and Precious Metals Equities NC,ALL_CONFLICTS,15,COMMODITIES,UNKNOWN,US,UNKNOWN,UNKNOWN,UNKNOWN,UNKNOWN,HIGH,False,0.912,0.45,REGION_PRIMARY_BORDERLINE,UNKNOWN_SUBTYPE,Otros,RV Sector Oro y Metales preciosos,0.0,0.0,0.0,100.0
LU0273690064,Goldman Sachs Asia Equity Growth & Income - P Cap EUR,ALL_CONFLICTS,15,COMMODITIES,UNKNOWN,ASIA_DEV,UNKNOWN,UNKNOWN,UNKNOWN,UNKNOWN,HIGH,False,0.97,0.45,COMMODITIES_RECLASSIFIED_FROM_EQUITY,UNKNOWN_SUBTYPE,Otros,RV Asia (ex-Japón),0.0,0.0,0.0,100.0
LU0300741732,Franklin Natural Resources Fund A(acc)EUR,ALL_CONFLICTS,15,COMMODITIES,UNKNOWN,US,UNKNOWN,UNKNOWN,UNKNOWN,UNKNOWN,HIGH,False,0.95,0.45,COMMODITIES_RECLASSIFIED_FROM_EQUITY,UNKNOWN_SUBTYPE,RV,RV Sector Energía,0.0,0.0,0.0,100.0
LU0326425351,BlackRock Global Funds - World Mining Fund E2 EUR Hedged,ALL_CONFLICTS,15,COMMODITIES,UNKNOWN,GLOBAL,UNKNOWN,UNKNOWN,UNKNOWN,UNKNOWN,HIGH,False,0.97,0.45,COMMODITIES_RECLASSIFIED_FROM_EQUITY,UNKNOWN_SUBTYPE,RV,RV Sector Otros,0.0,0.0,0.0,100.0
LU0333810850,Goldman Sachs India Equity Portfolio E Acc EUR,ALL_CONFLICTS,15,COMMODITIES,UNKNOWN,EMERGING,UNKNOWN,UNKNOWN,UNKNOWN,UNKNOWN,HIGH,False,0.97,0.45,COMMODITIES_RECLASSIFIED_FROM_EQUITY,UNKNOWN_SUBTYPE,Otros,RV India,0.0,0.0,0.0,100.0
LU0496368142,Franklin Gold & Precious Metals Fund A(acc)EUR-H1,ALL_CONFLICTS,15,COMMODITIES,UNKNOWN,US,UNKNOWN,UNKNOWN,UNKNOWN,UNKNOWN,HIGH,False,0.912,0.45,REGION_PRIMARY_BORDERLINE,UNKNOWN_SUBTYPE,Otros,RV Sector Otros,0.0,0.0,0.0,100.0
LU0496369389,Franklin Gold & Precious Metals Fund N(acc)EUR,ALL_CONFLICTS,15,COMMODITIES,UNKNOWN,US,UNKNOWN,UNKNOWN,UNKNOWN,UNKNOWN,HIGH,False,0.912,0.45,REGION_PRIMARY_BORDERLINE,UNKNOWN_SUBTYPE,Otros,RV Sector Oro y Metales preciosos,0.0,0.0,0.0,100.0
LU0604766674,Allianz Global Investors Fund - Allianz Global Metals and Mining AT EUR,ALL_CONFLICTS,15,COMMODITIES,UNKNOWN,GLOBAL,UNKNOWN,UNKNOWN,UNKNOWN,UNKNOWN,HIGH,False,0.97,0.45,COMMODITIES_RECLASSIFIED_FROM_EQUITY,UNKNOWN_SUBTYPE,Otros,RV Sector Recursos Naturales,0.0,0.0,0.0,100.0
LU1223083087,Schroder International Selection Fund Global Gold A Accumulation EUR Hedged,ALL_CONFLICTS,15,COMMODITIES,UNKNOWN,GLOBAL,UNKNOWN,UNKNOWN,UNKNOWN,UNKNOWN,HIGH,False,0.97,0.45,COMMODITIES_RECLASSIFIED_FROM_EQUITY,UNKNOWN_SUBTYPE,Otros,RV Sector Otros,0.0,0.0,0.0,100.0
LU1223084051,Schroder International Selection Fund Global Gold A Accumulation PLN Hedged,ALL_CONFLICTS,15,COMMODITIES,UNKNOWN,GLOBAL,UNKNOWN,UNKNOWN,UNKNOWN,UNKNOWN,HIGH,False,0.97,0.45,COMMODITIES_RECLASSIFIED_FROM_EQUITY,UNKNOWN_SUBTYPE,Otros,RV Sector Otros,0.0,0.0,0.0,100.0
LU1542714578,Goldman Sachs Europe Sustainable Equity - X Cap EUR,ALL_CONFLICTS,15,COMMODITIES,UNKNOWN,EUROPE,UNKNOWN,UNKNOWN,UNKNOWN,UNKNOWN,HIGH,False,0.97,0.45,COMMODITIES_RECLASSIFIED_FROM_EQUITY,UNKNOWN_SUBTYPE,Otros,RV Europa Cap. Grande Growth,0.0,0.0,0.0,100.0
BE6213829094,DPAM B - Real Estate Europe Dividend Sustainable B Cap,ALL_CONFLICTS,10,REAL_ESTATE,UNKNOWN,EUROPE,UNKNOWN,UNKNOWN,UNKNOWN,UNKNOWN,HIGH,False,0.98,0.45,,UNKNOWN_SUBTYPE,Otros,Inmobiliario - Indirecto Europa,0.0,0.0,0.0,100.0
DE0005318406,DWS ESG Stiftungsfonds LD,ALL_CONFLICTS,10,MIXED,CONSERVATIVE_ALLOCATION,UNKNOWN,UNKNOWN,UNKNOWN,UNKNOWN,UNKNOWN,LOW,True,0.92,0.45,,MISSING_REGION_PRIMARY,Mixto,Mixtos Defensivos EUR,20.0,80.0,0.0,0.0
DE000A0X7541,Acatis Value Event Fonds A,ALL_CONFLICTS,10,MIXED,FLEXIBLE_ALLOCATION,UNKNOWN,UNKNOWN,UNKNOWN,UNKNOWN,UNKNOWN,HIGH,False,0.92,0.45,,MISSING_REGION_PRIMARY,Mixto,Mixtos Flexibles EUR,50.0,50.0,0.0,0.0
ES0110407006,Gestión Boutique VI Argos FI,ALL_CONFLICTS,10,MIXED,FLEXIBLE_ALLOCATION,UNKNOWN,UNKNOWN,UNKNOWN,UNKNOWN,UNKNOWN,HIGH,False,0.92,0.45,,MISSING_REGION_PRIMARY,Mixto,Mixtos Flexibles EUR,50.0,50.0,0.0,0.0
ES0112231016,Avantage Fund B FI,ALL_CONFLICTS,10,MIXED,FLEXIBLE_ALLOCATION,UNKNOWN,UNKNOWN,UNKNOWN,UNKNOWN,UNKNOWN,HIGH,False,0.92,0.45,,MISSING_REGION_PRIMARY,Mixto,Mixtos Flexibles EUR,50.0,50.0,0.0,0.0
ES0116419005,Cartera Renta Fija Horizonte 2026 FI,ALL_CONFLICTS,10,FIXED_INCOME,CORPORATE_BOND,UNKNOWN,UNKNOWN,UNKNOWN,MEDIUM_QUALITY,SHORT,LOW,True,0.97,0.45,,MISSING_REGION_PRIMARY,Otros,Fixed Term Bond,0.0,100.0,0.0,0.0
ES0118537002,Olea Neutral FI,ALL_CONFLICTS,10,MIXED,MODERATE_ALLOCATION,UNKNOWN,UNKNOWN,UNKNOWN,UNKNOWN,UNKNOWN,MEDIUM,False,0.92,0.45,,MISSING_REGION_PRIMARY,Mixto,Mixtos Moderados EUR,50.0,50.0,0.0,0.0
ES0124880032,UBS Renta Fija 0-5 B FI,ALL_CONFLICTS,10,FIXED_INCOME,CORPORATE_BOND,UNKNOWN,UNKNOWN,UNKNOWN,MEDIUM_QUALITY,SHORT,LOW,True,0.97,0.45,,MISSING_REGION_PRIMARY,RF,RF Diversificada Corto Plazo EUR,0.0,100.0,0.0,0.0
ES0125240038,Trea Renta Fija Ahorro S FI,ALL_CONFLICTS,10,FIXED_INCOME,CORPORATE_BOND,UNKNOWN,UNKNOWN,UNKNOWN,MEDIUM_QUALITY,SHORT,LOW,True,0.97,0.45,,MISSING_REGION_PRIMARY,RF,RF Diversificada Corto Plazo EUR,0.0,100.0,0.0,0.0
ES0126547035,UBS Duración 0-2 B FI,ALL_CONFLICTS,10,FIXED_INCOME,CORPORATE_BOND,UNKNOWN,UNKNOWN,UNKNOWN,MEDIUM_QUALITY,SHORT,LOW,True,0.97,0.45,,MISSING_REGION_PRIMARY,RF,RF Diversificada Corto Plazo EUR,0.0,100.0,0.0,0.0
ES0128067008,Dux Mixto Variable FI,ALL_CONFLICTS,10,MIXED,MODERATE_ALLOCATION,UNKNOWN,UNKNOWN,UNKNOWN,UNKNOWN,UNKNOWN,MEDIUM,False,0.92,0.45,,MISSING_REGION_PRIMARY,Mixto,Mixtos Moderados EUR,50.0,50.0,0.0,0.0
ES0138914033,Merch-Fontemar FI,ALL_CONFLICTS,10,MIXED,CONSERVATIVE_ALLOCATION,UNKNOWN,UNKNOWN,UNKNOWN,UNKNOWN,UNKNOWN,LOW,True,0.92,0.45,,MISSING_REGION_PRIMARY,Mixto,Mixtos Defensivos EUR,20.0,80.0,0.0,0.0
ES0138922002,Gesconsult Horizonte 2025 FI,ALL_CONFLICTS,10,FIXED_INCOME,CORPORATE_BOND,UNKNOWN,UNKNOWN,UNKNOWN,MEDIUM_QUALITY,SHORT,LOW,True,0.97,0.45,,MISSING_REGION_PRIMARY,Otros,Fixed Term Bond,0.0,100.0,0.0,0.0
ES0138930005,Fonvalcem B FI,ALL_CONFLICTS,10,MIXED,AGGRESSIVE_ALLOCATION,UNKNOWN,UNKNOWN,UNKNOWN,UNKNOWN,UNKNOWN,HIGH,False,0.92,0.45,,MISSING_REGION_PRIMARY,Mixto,Mixtos Agresivos EUR,80.0,20.0,0.0,0.0
ES0141580037,SIH Ahorro A FI,ALL_CONFLICTS,10,FIXED_INCOME,CORPORATE_BOND,UNKNOWN,UNKNOWN,UNKNOWN,MEDIUM_QUALITY,SHORT,LOW,True,0.97,0.45,,MISSING_REGION_PRIMARY,RF,RF Diversificada Corto Plazo EUR,0.0,100.0,0.0,0.0
ES0148181003,Indexa RV mixta internacional 75 FI,ALL_CONFLICTS,10,MIXED,AGGRESSIVE_ALLOCATION,UNKNOWN,UNKNOWN,UNKNOWN,UNKNOWN,UNKNOWN,HIGH,False,0.92,0.45,,MISSING_REGION_PRIMARY,Mixto,Mixtos Agresivos EUR,80.0,20.0,0.0,0.0
ES0160873008,March Pagarés A FI,ALL_CONFLICTS,10,FIXED_INCOME,CORPORATE_BOND,UNKNOWN,UNKNOWN,UNKNOWN,MEDIUM_QUALITY,SHORT,LOW,True,0.97,0.45,,MISSING_REGION_PRIMARY,RF,RF Ultra Corto Plazo EUR,0.0,100.0,0.0,0.0
ES0161032034,March Renta Fija Corto Plazo A FI,ALL_CONFLICTS,10,FIXED_INCOME,CORPORATE_BOND,UNKNOWN,UNKNOWN,UNKNOWN,MEDIUM_QUALITY,SHORT,LOW,True,0.97,0.45,,MISSING_REGION_PRIMARY,RF,RF Ultra Corto Plazo EUR,0.0,100.0,0.0,0.0
ES0162295002,Cartera Renta Fija Horizonte 2027 FI,ALL_CONFLICTS,10,FIXED_INCOME,CORPORATE_BOND,UNKNOWN,UNKNOWN,UNKNOWN,MEDIUM_QUALITY,SHORT,LOW,True,0.97,0.45,,MISSING_REGION_PRIMARY,Otros,Fixed Term Bond,0.0,100.0,0.0,0.0
ES0162296000,Cartera Renta Fija Horizonte 2028 FI,ALL_CONFLICTS,10,FIXED_INCOME,CORPORATE_BOND,UNKNOWN,UNKNOWN,UNKNOWN,MEDIUM_QUALITY,MEDIUM,LOW,True,0.97,0.45,,MISSING_REGION_PRIMARY,Otros,Fixed Term Bond,0.0,100.0,0.0,0.0
ES0165142003,Mutuafondo Corto Plazo D FI,ALL_CONFLICTS,10,FIXED_INCOME,CORPORATE_BOND,UNKNOWN,UNKNOWN,UNKNOWN,HIGH_QUALITY,SHORT,LOW,True,0.97,0.45,,MISSING_REGION_PRIMARY,RF,RF Ultra Corto Plazo EUR,0.0,100.0,0.0,0.0
ES0165142037,Mutuafondo Corto Plazo A FI,ALL_CONFLICTS,10,FIXED_INCOME,CORPORATE_BOND,UNKNOWN,UNKNOWN,UNKNOWN,MEDIUM_QUALITY,SHORT,LOW,True,0.97,0.45,,MISSING_REGION_PRIMARY,RF,RF Ultra Corto Plazo EUR,0.0,100.0,0.0,0.0
ES0165237001,Mutuafondo D FI,ALL_CONFLICTS,10,FIXED_INCOME,CORPORATE_BOND,UNKNOWN,UNKNOWN,UNKNOWN,HIGH_QUALITY,SHORT,LOW,True,0.97,0.45,,MISSING_REGION_PRIMARY,RF,RF Diversificada Corto Plazo EUR,0.0,100.0,0.0,0.0
ES0168673038,EDM Ahorro R FI,ALL_CONFLICTS,10,FIXED_INCOME,CORPORATE_BOND,UNKNOWN,UNKNOWN,UNKNOWN,MEDIUM_QUALITY,SHORT,LOW,True,0.97,0.45,,MISSING_REGION_PRIMARY,RF,RF Diversificada Corto Plazo EUR,0.0,100.0,0.0,0.0
ES0170138038,Santalucía Renta Fija B FI,ALL_CONFLICTS,10,FIXED_INCOME,CORPORATE_BOND,UNKNOWN,UNKNOWN,UNKNOWN,MEDIUM_QUALITY,MEDIUM,LOW,True,0.97,0.45,,MISSING_REGION_PRIMARY,RF,RF Diversificada EUR,0.0,100.0,0.0,0.0
ES0170156030,Santalucía Renta Fija Corto Plazo Euro B FI,ALL_CONFLICTS,10,FIXED_INCOME,CORPORATE_BOND,UNKNOWN,UNKNOWN,UNKNOWN,MEDIUM_QUALITY,SHORT,LOW,True,0.97,0.45,,MISSING_REGION_PRIMARY,RF,RF Ultra Corto Plazo EUR,0.0,100.0,0.0,0.0
ES0173323009,Renta 4 Wertefinder FI,ALL_CONFLICTS,10,MIXED,FLEXIBLE_ALLOCATION,UNKNOWN,UNKNOWN,UNKNOWN,UNKNOWN,UNKNOWN,HIGH,False,0.92,0.45,,MISSING_REGION_PRIMARY,Mixto,Mixtos Flexibles EUR,50.0,50.0,0.0,0.0
ES0175316019,Dunas Valor Flexible R FI,ALL_CONFLICTS,10,ALTERNATIVE,UNKNOWN,EUROZONE,UNKNOWN,UNKNOWN,UNKNOWN,UNKNOWN,HIGH,False,0.96,0.45,,UNKNOWN_SUBTYPE,Otros,Alt - Multistrategy,0.0,0.0,0.0,100.0
ES0175414012,Dunas Valor Equilibrado R FI,ALL_CONFLICTS,10,ALTERNATIVE,UNKNOWN,EUROZONE,UNKNOWN,UNKNOWN,UNKNOWN,UNKNOWN,HIGH,False,0.96,0.45,,UNKNOWN_SUBTYPE,Otros,Alt - Multistrategy,0.0,0.0,0.0,100.0
ES0175437005,Dunas Valor Prudente R FI,ALL_CONFLICTS,10,ALTERNATIVE,UNKNOWN,EUROZONE,UNKNOWN,UNKNOWN,UNKNOWN,UNKNOWN,HIGH,False,0.96,0.45,,UNKNOWN_SUBTYPE,Otros,Alt - Multistrategy,0.0,0.0,0.0,100.0
ES0176954008,Renta 4 Renta Fija R FI,ALL_CONFLICTS,10,FIXED_INCOME,CORPORATE_BOND,UNKNOWN,UNKNOWN,UNKNOWN,MEDIUM_QUALITY,SHORT,LOW,True,0.97,0.45,,MISSING_REGION_PRIMARY,RF,RF Diversificada Corto Plazo EUR,0.0,100.0,0.0,0.0
ES0182631004,Polar Renta Fija A FI,ALL_CONFLICTS,10,FIXED_INCOME,CORPORATE_BOND,UNKNOWN,UNKNOWN,UNKNOWN,MEDIUM_QUALITY,SHORT,LOW,True,0.97,0.45,,MISSING_REGION_PRIMARY,RF,RF Diversificada EUR,0.0,100.0,0.0,0.0
FI0008800511,Evli Short Corporate Bond B,ALL_CONFLICTS,10,FIXED_INCOME,CORPORATE_BOND,UNKNOWN,UNKNOWN,UNKNOWN,MEDIUM_QUALITY,SHORT,LOW,True,0.97,0.45,,MISSING_REGION_PRIMARY,Otros,EUR Corporate Bond - Short Term,0.0,100.0,0.0,0.0
FI0008801097,Evli Corporate Bond B,ALL_CONFLICTS,10,FIXED_INCOME,CORPORATE_BOND,UNKNOWN,UNKNOWN,UNKNOWN,MEDIUM_QUALITY,MEDIUM,LOW,True,0.97,0.45,,MISSING_REGION_PRIMARY,RF,RF Deuda Corporativa EUR,0.0,100.0,0.0,0.0
FI0008811997,Evli Nordic Corporate Bond B,ALL_CONFLICTS,10,FIXED_INCOME,CORPORATE_BOND,UNKNOWN,UNKNOWN,UNKNOWN,MEDIUM_QUALITY,FLEXIBLE,LOW,True,0.97,0.45,,MISSING_REGION_PRIMARY,RF,RF Flexible EUR,0.0,100.0,0.0,0.0
FR0000989915,Oddo BHF Immobilier CR-EUR,ALL_CONFLICTS,10,REAL_ESTATE,UNKNOWN,EUROZONE,UNKNOWN,UNKNOWN,UNKNOWN,UNKNOWN,HIGH,False,0.98,0.45,,UNKNOWN_SUBTYPE,Otros,Property - Indirect Eurozone,0.0,0.0,0.0,100.0
FR0007008750,R-co Conviction Credit Euro C EUR,ALL_CONFLICTS,10,FIXED_INCOME,CORPORATE_BOND,UNKNOWN,UNKNOWN,UNKNOWN,MEDIUM_QUALITY,MEDIUM,LOW,True,0.97,0.45,,MISSING_REGION_PRIMARY,RF,RF Deuda Corporativa EUR,0.0,100.0,0.0,0.0
FR0010149120,Carmignac Sécurité AW EUR Acc,ALL_CONFLICTS,10,FIXED_INCOME,CORPORATE_BOND,UNKNOWN,UNKNOWN,UNKNOWN,MEDIUM_QUALITY,SHORT,LOW,True,0.97,0.45,,MISSING_REGION_PRIMARY,RF,RF Diversificada Corto Plazo EUR,0.0,100.0,0.0,0.0
FR0010230490,Lazard Credit Opportunities RC EUR,ALL_CONFLICTS,10,FIXED_INCOME,CORPORATE_BOND,UNKNOWN,UNKNOWN,UNKNOWN,MEDIUM_QUALITY,FLEXIBLE,LOW,True,0.97,0.45,,MISSING_REGION_PRIMARY,RF,RF Flexible EUR,0.0,100.0,0.0,0.0
FR0010286013,Sextant Grand Large A,ALL_CONFLICTS,10,MIXED,MODERATE_ALLOCATION,UNKNOWN,UNKNOWN,UNKNOWN,UNKNOWN,UNKNOWN,MEDIUM,False,0.92,0.45,,MISSING_REGION_PRIMARY,Mixto,Mixtos Moderados EUR,50.0,50.0,0.0,0.0
FR0010839282,Echiquier Short Term Credit SRI A,ALL_CONFLICTS,10,FIXED_INCOME,CORPORATE_BOND,UNKNOWN,UNKNOWN,UNKNOWN,MEDIUM_QUALITY,SHORT,LOW,True,0.97,0.45,,MISSING_REGION_PRIMARY,RF,RF Ultra Corto Plazo EUR,0.0,100.0,0.0,0.0
FR0011253624,R-co Valor C EUR,ALL_CONFLICTS,10,MIXED,FLEXIBLE_ALLOCATION,UNKNOWN,UNKNOWN,UNKNOWN,UNKNOWN,UNKNOWN,HIGH,False,0.92,0.45,,MISSING_REGION_PRIMARY,Mixto,Mixtos Flexibles EUR,50.0,50.0,0.0,0.0
FR0011261197,R-co Valor F EUR,ALL_CONFLICTS,10,MIXED,FLEXIBLE_ALLOCATION,UNKNOWN,UNKNOWN,UNKNOWN,UNKNOWN,UNKNOWN,HIGH,False,0.92,0.45,,MISSING_REGION_PRIMARY,Mixto,Mixtos Flexibles EUR,50.0,50.0,0.0,0.0
FR0011365212,Amundi Ultra Short Term Bond Responsible E C,ALL_CONFLICTS,10,FIXED_INCOME,CORPORATE_BOND,UNKNOWN,UNKNOWN,UNKNOWN,HIGH_QUALITY,SHORT,LOW,True,0.97,0.45,,MISSING_REGION_PRIMARY,RF,RF Ultra Corto Plazo EUR,0.0,100.0,0.0,0.0
FR0011387299,Allianz Euro Oblig Court Terme ISR RC,ALL_CONFLICTS,10,FIXED_INCOME,CORPORATE_BOND,UNKNOWN,UNKNOWN,UNKNOWN,HIGH_QUALITY,SHORT,LOW,True,0.97,0.45,,MISSING_REGION_PRIMARY,RF,RF Ultra Corto Plazo EUR,0.0,100.0,0.0,0.0
FR0013231453,Ostrum Credit Ultra Short Plus I-C EUR,ALL_CONFLICTS,10,FIXED_INCOME,CORPORATE_BOND,UNKNOWN,UNKNOWN,UNKNOWN,MEDIUM_QUALITY,SHORT,LOW,True,0.97,0.45,,MISSING_REGION_PRIMARY,RF,RF Ultra Corto Plazo EUR,0.0,100.0,0.0,0.0
FR0013346079,Groupama Ultra Short Term NC,ALL_CONFLICTS,10,FIXED_INCOME,CORPORATE_BOND,UNKNOWN,UNKNOWN,UNKNOWN,HIGH_QUALITY,SHORT,LOW,True,0.97,0.45,,MISSING_REGION_PRIMARY,RF,RF Ultra Corto Plazo EUR,0.0,100.0,0.0,0.0
FR0013460920,EdR SICAV - Short Duration Credit A EUR,ALL_CONFLICTS,10,FIXED_INCOME,CORPORATE_BOND,UNKNOWN,UNKNOWN,UNKNOWN,MEDIUM_QUALITY,SHORT,LOW,True,0.97,0.45,,MISSING_REGION_PRIMARY,RF,RF Flexible EUR,0.0,100.0,0.0,0.0
FR0013460961,EdR SICAV - Short Duration Credit B EUR,ALL_CONFLICTS,10,FIXED_INCOME,CORPORATE_BOND,UNKNOWN,UNKNOWN,UNKNOWN,MEDIUM_QUALITY,SHORT,LOW,True,0.97,0.45,,MISSING_REGION_PRIMARY,RF,RF Flexible EUR,0.0,100.0,0.0,0.0
FR001400JGB5,EdR SICAV Millesima Select 2028 A Eur,ALL_CONFLICTS,10,FIXED_INCOME,CORPORATE_BOND,UNKNOWN,UNKNOWN,UNKNOWN,MEDIUM_QUALITY,MEDIUM,LOW,True,0.97,0.45,,MISSING_REGION_PRIMARY,Otros,Fixed Term Bond,0.0,100.0,0.0,0.0
FR001400NTN5,Lazard High Yield 2029 EC EUR,ALL_CONFLICTS,10,FIXED_INCOME,HIGH_YIELD_BOND,UNKNOWN,UNKNOWN,UNKNOWN,LOW_QUALITY,MEDIUM,MEDIUM,False,0.97,0.45,,MISSING_REGION_PRIMARY,Otros,Fixed Term Bond,0.0,100.0,0.0,0.0
FR0050000860,Amundi Ultra Short Term Bond Responsible P C,ALL_CONFLICTS,10,FIXED_INCOME,CORPORATE_BOND,UNKNOWN,UNKNOWN,UNKNOWN,HIGH_QUALITY,SHORT,LOW,True,0.97,0.45,,MISSING_REGION_PRIMARY,RF,RF Ultra Corto Plazo EUR,0.0,100.0,0.0,0.0
IE00B8J38129,Algebris UCITS Funds plc - Algebris Financial Credit Fund R EUR Acc,ALL_CONFLICTS,10,FIXED_INCOME,CORPORATE_BOND,UNKNOWN,UNKNOWN,UNKNOWN,LOW_QUALITY,SHORT,MEDIUM,False,0.97,0.45,,MISSING_REGION_PRIMARY,Otros,,0.0,100.0,0.0,0.0
IE00BLP5S460,JupiterMerian Global Equity Absolute Return Fund L (EUR) Hedged Acc,ALL_CONFLICTS,10,ALTERNATIVE,UNKNOWN,GLOBAL,UNKNOWN,UNKNOWN,UNKNOWN,UNKNOWN,HIGH,False,0.98,0.45,,UNKNOWN_SUBTYPE,Otros,Alt - Market Neutral - Equity,0.0,0.0,0.0,100.0
IE00BNG2T811,Neuberger Berman Short Duration Euro Bond Fund EUR A Accumulating Class,ALL_CONFLICTS,10,FIXED_INCOME,CORPORATE_BOND,UNKNOWN,UNKNOWN,UNKNOWN,HIGH_QUALITY,SHORT,LOW,True,0.97,0.45,,MISSING_REGION_PRIMARY,RF,RF Diversificada Corto Plazo EUR,0.0,100.0,0.0,0.0
IE00BYVJR916,Jupiter Gold & Silver Fund L EUR Acc,ALL_CONFLICTS,10,COMMODITIES,UNKNOWN,US,UNKNOWN,UNKNOWN,UNKNOWN,UNKNOWN,HIGH,False,0.96,0.45,,UNKNOWN_SUBTYPE,Otros,RV Sector Oro y Metales preciosos,0.0,0.0,0.0,100.0
LU0034353002,DWS Floating Rate Notes LC,ALL_CONFLICTS,10,FIXED_INCOME,CORPORATE_BOND,UNKNOWN,UNKNOWN,UNKNOWN,HIGH_QUALITY,SHORT,LOW,True,0.97,0.45,,MISSING_REGION_PRIMARY,RF,RF Ultra Corto Plazo EUR,0.0,100.0,0.0,0.0
LU0073235904,Morgan Stanley Investment Funds - Short Maturity Euro Bond Fund A,ALL_CONFLICTS,10,FIXED_INCOME,CORPORATE_BOND,UNKNOWN,UNKNOWN,UNKNOWN,HIGH_QUALITY,SHORT,LOW,True,0.97,0.45,,MISSING_REGION_PRIMARY,RF,RF Diversificada Corto Plazo EUR,0.0,100.0,0.0,0.0
LU0080237943,DWS Euro Ultra Short Fixed Income Fund NC,ALL_CONFLICTS,10,FIXED_INCOME,CORPORATE_BOND,UNKNOWN,UNKNOWN,UNKNOWN,MEDIUM_QUALITY,SHORT,LOW,True,0.97,0.45,,MISSING_REGION_PRIMARY,RF,RF Ultra Corto Plazo EUR,0.0,100.0,0.0,0.0
LU0144751095,Candriam Bonds Euro High Yield Class N EUR Cap,ALL_CONFLICTS,10,FIXED_INCOME,HIGH_YIELD_BOND,UNKNOWN,UNKNOWN,UNKNOWN,LOW_QUALITY,SHORT,MEDIUM,False,0.97,0.45,,MISSING_REGION_PRIMARY,RF,RF Bonos Alto Rendimiento EUR,0.0,100.0,0.0,0.0
LU0145656715,DWS Invest ESG Euro Bonds (Short) NC,ALL_CONFLICTS,10,FIXED_INCOME,CORPORATE_BOND,UNKNOWN,UNKNOWN,UNKNOWN,MEDIUM_QUALITY,SHORT,LOW,True,0.97,0.45,,MISSING_REGION_PRIMARY,RF,RF Diversificada Corto Plazo EUR,0.0,100.0,0.0,0.0
LU0169250635,Generali Investments SICAV - Euro Bond Fund EX,ALL_CONFLICTS,10,FIXED_INCOME,GOVERNMENT_BOND,UNKNOWN,UNKNOWN,UNKNOWN,MEDIUM_QUALITY,MEDIUM,LOW,True,0.97,0.45,,MISSING_REGION_PRIMARY,RF,RF Deuda Pública EUR,0.0,100.0,0.0,0.0
LU0171306680,BlackRock Global Funds - World Gold Fund E2 (EUR),ALL_CONFLICTS,10,COMMODITIES,UNKNOWN,GLOBAL,UNKNOWN,UNKNOWN,UNKNOWN,UNKNOWN,HIGH,False,0.98,0.45,,UNKNOWN_SUBTYPE,Otros,RV Sector Oro y Metales preciosos,0.0,0.0,0.0,100.0
LU0173779223,Nordea 1 - Danish Covered Bond Fund BP EUR,ALL_CONFLICTS,10,FIXED_INCOME,GOVERNMENT_BOND,UNKNOWN,UNKNOWN,UNKNOWN,HIGH_QUALITY,MEDIUM,LOW,True,0.97,0.45,,MISSING_REGION_PRIMARY,RF,RF DKK,0.0,100.0,0.0,0.0
LU0252500524,JPMorgan Funds - EUR Money Market VNAV Fund D (acc) - EUR,ALL_CONFLICTS,10,MONETARY,UNKNOWN,EUROZONE,UNKNOWN,UNKNOWN,UNKNOWN,UNKNOWN,LOW,True,0.98,0.45,,UNKNOWN_SUBTYPE,Monetario,EUR Money Market - Short Term,0.0,0.0,100.0,0.0
LU0264738294,Janus Henderson Horizon Global Property Equities Fund A2 EUR,ALL_CONFLICTS,10,REAL_ESTATE,UNKNOWN,GLOBAL,UNKNOWN,UNKNOWN,UNKNOWN,UNKNOWN,HIGH,False,0.98,0.45,,UNKNOWN_SUBTYPE,Otros,Inmobiliario - Indirecto Global,0.0,0.0,0.0,100.0
LU0273159177,DWS Invest Gold and Precious Metals Equities LC,ALL_CONFLICTS,10,COMMODITIES,UNKNOWN,US,UNKNOWN,UNKNOWN,UNKNOWN,UNKNOWN,HIGH,False,0.96,0.45,,UNKNOWN_SUBTYPE,Commodities,RV Sector Oro y Metales preciosos,0.0,0.0,0.0,100.0
LU0284394821,DNCA Invest Évolutif B EUR,ALL_CONFLICTS,10,MIXED,FLEXIBLE_ALLOCATION,UNKNOWN,UNKNOWN,UNKNOWN,UNKNOWN,UNKNOWN,HIGH,False,0.92,0.45,,MISSING_REGION_PRIMARY,Mixto,Mixtos Flexibles EUR,50.0,50.0,0.0,0.0
LU0336084032,Carmignac Pf Flexible Bond A EUR Acc,ALL_CONFLICTS,10,FIXED_INCOME,CORPORATE_BOND,UNKNOWN,UNKNOWN,UNKNOWN,LOW_QUALITY,FLEXIBLE,MEDIUM,False,0.97,0.45,,MISSING_REGION_PRIMARY,RF,RF Flexible EUR,0.0,100.0,0.0,0.0
LU0360646680,BNP Paribas Funds Euro Defensive Equity Classic Capitalisation,ALL_CONFLICTS,10,ALTERNATIVE,UNKNOWN,EUROPE,UNKNOWN,UNKNOWN,UNKNOWN,UNKNOWN,HIGH,False,0.98,0.45,,UNKNOWN_SUBTYPE,Otros,Alt - Long/Short Equity - Europe,0.0,0.0,0.0,100.0
LU0398684661,Goldman Sachs Alternative Beta - P Cap EUR (hedged i),ALL_CONFLICTS,10,ALTERNATIVE,UNKNOWN,US,UNKNOWN,UNKNOWN,UNKNOWN,UNKNOWN,HIGH,False,0.96,0.45,,UNKNOWN_SUBTYPE,Otros,Alt - Multistrategy,0.0,0.0,0.0,100.0
LU0599946893,DWS Concept Kaldemorgen EUR LC,ALL_CONFLICTS,10,MIXED,FLEXIBLE_ALLOCATION,UNKNOWN,UNKNOWN,UNKNOWN,UNKNOWN,UNKNOWN,HIGH,False,0.92,0.45,,MISSING_REGION_PRIMARY,Mixto,Mixtos Flexibles EUR,50.0,50.0,0.0,0.0
LU0599947198,DWS Concept Kaldemorgen EUR NC,ALL_CONFLICTS,10,MIXED,FLEXIBLE_ALLOCATION,UNKNOWN,UNKNOWN,UNKNOWN,UNKNOWN,UNKNOWN,HIGH,False,0.92,0.45,,MISSING_REGION_PRIMARY,Mixto,Mixtos Flexibles EUR,50.0,50.0,0.0,0.0
LU0607983896,Nordea 1 - Alpha 15 MA Fund BP EUR,ALL_CONFLICTS,10,ALTERNATIVE,UNKNOWN,US,UNKNOWN,UNKNOWN,UNKNOWN,UNKNOWN,HIGH,False,0.96,0.45,,UNKNOWN_SUBTYPE,Otros,Alt - Multistrategy,0.0,0.0,0.0,100.0
LU1022658667,Franklin Euro Short Duration Bond Fund A(acc)EUR,ALL_CONFLICTS,10,FIXED_INCOME,CORPORATE_BOND,UNKNOWN,UNKNOWN,UNKNOWN,HIGH_QUALITY,SHORT,LOW,True,0.97,0.45,,MISSING_REGION_PRIMARY,RF,RF Diversificada Corto Plazo EUR,0.0,100.0,0.0,0.0
LU1095739733,First Eagle Amundi Income Builder Fund Class AE-QD Shares,ALL_CONFLICTS,10,MIXED,MODERATE_ALLOCATION,UNKNOWN,UNKNOWN,UNKNOWN,UNKNOWN,UNKNOWN,MEDIUM,False,0.92,0.45,,MISSING_REGION_PRIMARY,Mixto,Mixtos Moderados USD,50.0,50.0,0.0,0.0
LU1161526576,Edmond de Rothschild Fund - Bond Allocation R EUR Acc,ALL_CONFLICTS,10,MIXED,FLEXIBLE_ALLOCATION,UNKNOWN,UNKNOWN,UNKNOWN,UNKNOWN,UNKNOWN,HIGH,False,0.92,0.45,,MISSING_REGION_PRIMARY,RF,RF Flexible EUR,50.0,50.0,0.0,0.0
LU1162516717,BlackRock Systematic Global Equity Absolute Return Fund A2 EUR Hedged,ALL_CONFLICTS,10,ALTERNATIVE,UNKNOWN,GLOBAL,UNKNOWN,UNKNOWN,UNKNOWN,UNKNOWN,HIGH,False,0.98,0.45,,UNKNOWN_SUBTYPE,Otros,Alt - Market Neutral - Equity,0.0,0.0,0.0,100.0
LU1245469744,Flossbach von Storch - Multiple Opportunities II ET,ALL_CONFLICTS,10,MIXED,FLEXIBLE_ALLOCATION,UNKNOWN,UNKNOWN,UNKNOWN,UNKNOWN,UNKNOWN,HIGH,False,0.92,0.45,,MISSING_REGION_PRIMARY,Mixto,Mixtos Flexibles EUR,50.0,50.0,0.0,0.0
LU1299306321,Carmignac Portfolio Sécurité AW EUR Acc,ALL_CONFLICTS,10,FIXED_INCOME,CORPORATE_BOND,UNKNOWN,UNKNOWN,UNKNOWN,MEDIUM_QUALITY,SHORT,LOW,True,0.97,0.45,,MISSING_REGION_PRIMARY,RF,RF Diversificada Corto Plazo EUR,0.0,100.0,0.0,0.0
LU1317704135,Carmignac Portfolio Long-Short European Equities E EUR Acc,ALL_CONFLICTS,10,ALTERNATIVE,UNKNOWN,EUROPE,UNKNOWN,UNKNOWN,UNKNOWN,UNKNOWN,HIGH,False,0.98,0.45,,UNKNOWN_SUBTYPE,Otros,Alt - Long/Short Equity - Europe,0.0,0.0,0.0,100.0
LU1442549025,MFS Meridian Funds - Prudent Capital Fund A1 EUR,ALL_CONFLICTS,10,MIXED,MODERATE_ALLOCATION,UNKNOWN,UNKNOWN,UNKNOWN,UNKNOWN,UNKNOWN,MEDIUM,False,0.92,0.45,,MISSING_REGION_PRIMARY,Mixto,Mixtos Moderados USD,50.0,50.0,0.0,0.0
LU1499628912,Amundi S.F. - Diversified Short-Term Bond Select E EUR ND,ALL_CONFLICTS,10,FIXED_INCOME,CORPORATE_BOND,UNKNOWN,UNKNOWN,UNKNOWN,MEDIUM_QUALITY,SHORT,LOW,True,0.97,0.45,,MISSING_REGION_PRIMARY,RF,RF Diversificada Corto Plazo EUR,0.0,100.0,0.0,0.0
LU1578889864,Ninety One Global Strategy Fund - Global Gold Fund A Acc EUR Hedged,ALL_CONFLICTS,10,COMMODITIES,UNKNOWN,GLOBAL,UNKNOWN,UNKNOWN,UNKNOWN,UNKNOWN,HIGH,False,0.98,0.45,,UNKNOWN_SUBTYPE,Otros,RV Sector Otros,0.0,0.0,0.0,100.0
LU1582988306,M&G (Lux) Dynamic Allocation Fund EUR B Acc,ALL_CONFLICTS,10,MIXED,FLEXIBLE_ALLOCATION,UNKNOWN,UNKNOWN,UNKNOWN,UNKNOWN,UNKNOWN,HIGH,False,0.92,0.45,,MISSING_REGION_PRIMARY,Mixto,Mixtos Flexibles EUR,50.0,50.0,0.0,0.0
LU1623762843,Carmignac Pf Credit A EUR Acc,ALL_CONFLICTS,10,FIXED_INCOME,CORPORATE_BOND,UNKNOWN,UNKNOWN,UNKNOWN,LOW_QUALITY,FLEXIBLE,MEDIUM,False,0.97,0.45,,MISSING_REGION_PRIMARY,RF,RF Flexible EUR,0.0,100.0,0.0,0.0
LU1670718219,M&G (Lux) Short Dated Corporate Bond Fund EUR A Acc,ALL_CONFLICTS,10,FIXED_INCOME,CORPORATE_BOND,UNKNOWN,UNKNOWN,UNKNOWN,HIGH_QUALITY,SHORT,LOW,True,0.97,0.45,,MISSING_REGION_PRIMARY,Otros,EUR Corporate Bond - Short Term,0.0,100.0,0.0,0.0
LU1697017256,Sigma Investment House FCP - Selection Moderate Class A EUR,ALL_CONFLICTS,10,MIXED,MODERATE_ALLOCATION,UNKNOWN,UNKNOWN,UNKNOWN,UNKNOWN,UNKNOWN,MEDIUM,False,0.92,0.45,,MISSING_REGION_PRIMARY,Mixto,Mixtos Moderados EUR,50.0,50.0,0.0,0.0
LU1697018494,Sigma Investment House FCP - Best JP Morgan Class A EUR,ALL_CONFLICTS,10,MIXED,FLEXIBLE_ALLOCATION,UNKNOWN,UNKNOWN,UNKNOWN,UNKNOWN,UNKNOWN,HIGH,False,0.92,0.45,,MISSING_REGION_PRIMARY,Mixto,Mixtos Flexibles EUR,50.0,50.0,0.0,0.0
LU1706854152,Amundi S.F. - Diversified Short-Term Bond Select A EUR ND,ALL_CONFLICTS,10,FIXED_INCOME,CORPORATE_BOND,UNKNOWN,UNKNOWN,UNKNOWN,MEDIUM_QUALITY,SHORT,LOW,True,0.97,0.45,,MISSING_REGION_PRIMARY,RF,RF Diversificada Corto Plazo EUR,0.0,100.0,0.0,0.0
LU1740985814,DWS Strategic Allocation Dynamic LD,ALL_CONFLICTS,10,MIXED,AGGRESSIVE_ALLOCATION,UNKNOWN,UNKNOWN,UNKNOWN,UNKNOWN,UNKNOWN,HIGH,False,0.92,0.45,,MISSING_REGION_PRIMARY,Mixto,Mixtos Agresivos EUR,80.0,20.0,0.0,0.0
LU1838941372,Candriam Bonds Floating Rate Notes C EUR Cap,ALL_CONFLICTS,10,FIXED_INCOME,CORPORATE_BOND,UNKNOWN,UNKNOWN,UNKNOWN,HIGH_QUALITY,SHORT,LOW,True,0.97,0.45,,MISSING_REGION_PRIMARY,RF,RF Ultra Corto Plazo EUR,0.0,100.0,0.0,0.0
LU1873127366,JPMorgan Liquidity Funds - EUR Liquidity LVNAV Fund A (acc.),ALL_CONFLICTS,10,MONETARY,UNKNOWN,EUROZONE,UNKNOWN,UNKNOWN,UNKNOWN,UNKNOWN,LOW,True,0.98,0.45,,UNKNOWN_SUBTYPE,Monetario,EUR Money Market - Short Term,0.0,0.0,100.0,0.0
LU1882475392,Amundi Funds - Euro Multi-Asset Target Income A2 EUR (C),ALL_CONFLICTS,10,MIXED,CONSERVATIVE_ALLOCATION,UNKNOWN,UNKNOWN,UNKNOWN,UNKNOWN,UNKNOWN,LOW,True,0.92,0.45,,MISSING_REGION_PRIMARY,Mixto,Mixtos Defensivos EUR,20.0,80.0,0.0,0.0
LU1894680757,Amundi Funds - Income Opportunities A2 EUR (C),ALL_CONFLICTS,10,MIXED,MODERATE_ALLOCATION,UNKNOWN,UNKNOWN,UNKNOWN,UNKNOWN,UNKNOWN,MEDIUM,False,0.92,0.45,,MISSING_REGION_PRIMARY,Mixto,Mixtos Moderados USD,50.0,50.0,0.0,0.0
LU1899018870,Sigma Investment House FCP - Best M&G Class A EUR Accumulation,ALL_CONFLICTS,10,MIXED,FLEXIBLE_ALLOCATION,UNKNOWN,UNKNOWN,UNKNOWN,UNKNOWN,UNKNOWN,HIGH,False,0.92,0.45,,MISSING_REGION_PRIMARY,Mixto,Mixtos Flexibles EUR,50.0,50.0,0.0,0.0
LU1915690918,Nordea 1 - Active Rates Opportunities Fund Fund E EUR,ALL_CONFLICTS,10,FIXED_INCOME,CORPORATE_BOND,UNKNOWN,UNKNOWN,UNKNOWN,MEDIUM_QUALITY,FLEXIBLE,LOW,True,0.97,0.45,,MISSING_REGION_PRIMARY,RF,RF Diversificada EUR,0.0,100.0,0.0,0.0
LU1961009468,DWS Strategic Allocation Balance NC,ALL_CONFLICTS,10,MIXED,MODERATE_ALLOCATION,UNKNOWN,UNKNOWN,UNKNOWN,UNKNOWN,UNKNOWN,MEDIUM,False,0.92,0.45,,MISSING_REGION_PRIMARY,Mixto,Mixtos Moderados EUR,50.0,50.0,0.0,0.0
LU2050544563,DWS ESG Multi Asset Dynamic LC,ALL_CONFLICTS,10,MIXED,FLEXIBLE_ALLOCATION,UNKNOWN,UNKNOWN,UNKNOWN,UNKNOWN,UNKNOWN,HIGH,False,0.92,0.45,,MISSING_REGION_PRIMARY,Mixto,Mixtos Flexibles EUR,50.0,50.0,0.0,0.0
LU2098772366,Candriam Bonds Credit Alpha C EUR,ALL_CONFLICTS,10,FIXED_INCOME,CORPORATE_BOND,UNKNOWN,UNKNOWN,UNKNOWN,MEDIUM_QUALITY,SHORT,LOW,True,0.97,0.45,,MISSING_REGION_PRIMARY,RF,RF Otros,0.0,100.0,0.0,0.0
LU2210151341,Fidelity Funds - Absolute Return Global Equity Fund A-PF-Acc-Euro (Euro/USD hedged),ALL_CONFLICTS,10,ALTERNATIVE,UNKNOWN,GLOBAL,UNKNOWN,UNKNOWN,UNKNOWN,UNKNOWN,HIGH,False,0.98,0.45,,UNKNOWN_SUBTYPE,Otros,Alt - Market Neutral - Equity,0.0,0.0,0.0,100.0
LU2697545247,BGF Euro Investment Grade Fixed Maturity Bond Fund 2028 A2,ALL_CONFLICTS,10,FIXED_INCOME,CORPORATE_BOND,UNKNOWN,UNKNOWN,UNKNOWN,MEDIUM_QUALITY,MEDIUM,LOW,True,0.97,0.45,,MISSING_REGION_PRIMARY,Otros,Fixed Term Bond,0.0,100.0,0.0,0.0
